date,item_id,item_desc,qty_ordered,promo_flag,unit_price,warehouse_stock_on_hand,reorder_point,is_stockout
2025-05-01,2010048801,MASSIMO FINE WHOLEMEAL BREAD 400G,72,0,4.75,1062,812,0
2025-05-01,1090092001,KACANG PARANG CILI,0,0,7.86,62,50,0
2025-05-01,1120003601,WYCCO171SSASSO/COOKIE CUTTER- 1SET,0,0,2.53,248,161,0
2025-05-01,2040011101,TWISTIES CHICKEN 60G,35,0,1.73,113,75,0
2025-05-01,2030437001,MINI OREO BIG POUCH CHOCO. 61.3G,0,0,5.81,97,50,0
2025-05-01,2030052801,TIGER BISKUAT ENERGY 144.4G,33,0,2.61,229,81,0
2025-05-01,2010039101,MASSIMO CORN CREAM ROLL 50GM*1,0,0,7.49,370,133,0
2025-05-01,2040012701,CHACHO'S CHEESY CHEESE 160G,0,0,3.45,106,50,0
2025-05-01,2040230601,CHEEZELS BBQ CHEESE 60G *1,0,0,2.72,89,58,0
2025-05-01,2010006001,GARDENIA TWIGGIES CREAM DREAM 2x40G *1,18,0,5.46,315,238,0
2025-05-01,2010038801,MASSIMO SANDWICH WHEAT GERM 400GM*1,0,0,6.89,88,50,0
2025-05-01,2041816301,TWISTIES BBQ CURRY 13G (24PKT),0,0,2.67,70,50,0
2025-05-01,2040012101,CHEEZELS 60G *1,0,0,3.32,62,52,0
2025-05-01,2010040101,GARDENIA FINEGRAIN W/MEAL 400GM*1,0,0,3.6,63,50,0
2025-05-01,2041880901,JACOB'S BAKED CRISP ORIGINAL 229G,0,0,6.74,80,50,0
2025-05-01,2040272701,TWISTIES CHIPSTER HOT & SPICY 60G,13,0,3.93,129,52,0
2025-05-01,2010036201,GARDENIA DELICIA CHOCO RAISIN 360G*1,0,0,2.52,122,58,0
2025-05-01,2031974101,OREO SPACEBURST CREAM L/E 9x27.6G,36,0,7.81,778,434,0
2025-05-01,2010040501,KELLOGG'S S'MORES 14.7 OZ*1,15,0,4.44,71,50,0
2025-05-01,2010039001,MASSIMO CHOCO CREAM ROLL 50GM*1,26,0,6.61,374,322,0
2025-05-01,2030361801,TIGER BISKUAT ORIGINAL JUMBO 364.8GM,0,0,3.17,82,56,0
2025-05-01,1090128501,FRUIT NETRON 14 (PCS),0,0,2.28,142,56,0
2025-05-01,2031923801,JACOB'S WEETAMEAL 502G,20,0,4.07,119,50,0
2025-05-01,2010047701,MISSION TORTILLA 6 GRAINS WRAPS 360G,0,0,4.37,61,58,0
2025-05-01,2010038701,MASSIMO WHITE SANDWICH LOAF 600GM*1,0,0,5.78,141,50,0
2025-05-01,2010037801,GARDENIA WAFFLES EGG VANILLA 42GM*1,34,0,8.35,356,175,0
2025-05-01,2010040701,KELLOGG'S POP TART CHOCO FUDGE 13.5OZ,0,0,9.52,64,50,0
2025-05-01,2010038901,MASSIMO SANDWICH WHEAT GERM 600GM*1,0,0,6.78,95,79,0
2025-05-01,2030361901,TIGER BISKUAT CHOCOLATE JUMBO 364.8GM,0,0,2.99,97,50,0
2025-05-01,2031659501,MINI OREO ORI. MULTIPACK 8X17.5G,0,0,2.75,62,58,0
2025-05-01,1080462101,MAMAMI ORGANIC WAVE OVERNIGHT OAT 120G,0,0,5.11,59,50,0
2025-05-01,1090128701,FRUIT NETRON 14 (CTN),18,0,8.63,120,50,0
2025-05-01,2010035001,APOLLO LAYER CAKE VANILLA M/P 8X18G*1,0,0,5.53,181,70,0
2025-05-01,2010039801,MISSION TORTILLA POTATO WRAPS 360GM*1,0,0,3.35,107,52,0
2025-05-01,2031926001,CHIPSMORE DOUBLE CHOC MP 8x36G,46,0,2.91,334,158,0
2025-05-01,20250901001,GARDENIA DELICIA CHOCO RAISIN 360G*1,0,0,8.18,86,50,0
2025-05-01,2031743501,JACOB'S VP WEETAMEAL 289G,0,0,2.04,114,52,0
2025-05-01,2031743801,JACOB'S MULTIPACK WEETAMEAL 144G,23,0,7.65,140,70,0
2025-05-01,2040012001,TWISTIES BBQ CURRY 140G *1,0,0,4.59,62,50,0
2025-05-01,2010039901,MASSIMO WHOLEMEAL 400GM*1,0,0,4.87,83,50,0
2025-05-01,2010040201,GARDENIA 100% W/GRAIN PURPLE WHEAT 400GM,0,0,8.9,70,50,0
2025-05-01,80010002,PANADOL 10s,14,0,4.65,84,50,0
2025-05-01,2010000401,GARDENIA CREAM ROLL-VANILA 50G *1,20,0,4.37,394,147,0
2025-05-01,1120000301,CN214-CB-PVC6SCAV(SQ)BROWN CASE-10PCS,0,0,7.84,62,50,0
2025-05-01,2030211001,KRAFT OREO STRAWBERRY 110.4G *1,0,0,7.38,107,67,0
2025-05-01,70010001,Micro USB,0,0,2.96,102,67,0
2025-05-01,1120001501,BOOKS(IMP)CONE FIGURES- 1PC,0,0,8.09,160,61,0
2025-05-01,1110029901,AJI-SHIO PEPPER (45GM),0,0,8.17,111,50,0
2025-05-01,2031800401,CHIPSMORE HAZELNUT HANDY MP 8x24G,20,0,5.38,407,161,0
2025-05-01,2010040901,ADVENTIST 3 SEEDS SPROUTED BREAD*1,0,0,2.65,568,231,0
2025-05-02,2010048801,MASSIMO FINE WHOLEMEAL BREAD 400G,69,0,4.75,990,812,0
2025-05-02,1090092001,KACANG PARANG CILI,0,0,7.86,62,50,0
2025-05-02,1120003601,WYCCO171SSASSO/COOKIE CUTTER- 1SET,24,0,2.53,248,161,0
2025-05-02,2040011101,TWISTIES CHICKEN 60G,0,0,1.73,78,75,0
2025-05-02,2030437001,MINI OREO BIG POUCH CHOCO. 61.3G,0,0,5.81,97,50,0
2025-05-02,2030052801,TIGER BISKUAT ENERGY 144.4G,0,0,2.61,196,81,0
2025-05-02,2010039101,MASSIMO CORN CREAM ROLL 50GM*1,21,0,7.49,370,133,0
2025-05-02,2040012701,CHACHO'S CHEESY CHEESE 160G,0,0,3.45,106,50,0
2025-05-02,2040230601,CHEEZELS BBQ CHEESE 60G *1,26,0,2.72,89,58,0
2025-05-02,2010006001,GARDENIA TWIGGIES CREAM DREAM 2x40G *1,0,0,5.46,297,238,0
2025-05-02,2010038801,MASSIMO SANDWICH WHEAT GERM 400GM*1,0,0,6.89,88,50,0
2025-05-02,2041816301,TWISTIES BBQ CURRY 13G (24PKT),0,0,2.67,70,50,0
2025-05-02,2040012101,CHEEZELS 60G *1,0,0,3.32,62,52,0
2025-05-02,2010040101,GARDENIA FINEGRAIN W/MEAL 400GM*1,27,0,3.6,63,50,0
2025-05-02,2041880901,JACOB'S BAKED CRISP ORIGINAL 229G,0,0,6.74,80,50,0
2025-05-02,2040272701,TWISTIES CHIPSTER HOT & SPICY 60G,0,0,3.93,116,52,0
2025-05-02,2010036201,GARDENIA DELICIA CHOCO RAISIN 360G*1,0,0,2.52,122,58,0
2025-05-02,2031974101,OREO SPACEBURST CREAM L/E 9x27.6G,38,0,7.81,742,434,0
2025-05-02,2010040501,KELLOGG'S S'MORES 14.7 OZ*1,0,0,4.44,56,50,0
2025-05-02,2010039001,MASSIMO CHOCO CREAM ROLL 50GM*1,31,0,6.61,348,322,0
2025-05-02,2030361801,TIGER BISKUAT ORIGINAL JUMBO 364.8GM,20,0,3.17,82,56,0
2025-05-02,1090128501,FRUIT NETRON 14 (PCS),0,0,2.28,142,56,0
2025-05-02,2031923801,JACOB'S WEETAMEAL 502G,0,0,4.07,99,50,0
2025-05-02,2010047701,MISSION TORTILLA 6 GRAINS WRAPS 360G,0,0,4.37,61,58,0
2025-05-02,2010038701,MASSIMO WHITE SANDWICH LOAF 600GM*1,0,0,5.78,141,50,0
2025-05-02,2010037801,GARDENIA WAFFLES EGG VANILLA 42GM*1,0,0,8.35,322,175,0
2025-05-02,2010040701,KELLOGG'S POP TART CHOCO FUDGE 13.5OZ,0,0,9.52,64,50,0
2025-05-02,2010038901,MASSIMO SANDWICH WHEAT GERM 600GM*1,0,0,6.78,95,79,0
2025-05-02,2030361901,TIGER BISKUAT CHOCOLATE JUMBO 364.8GM,0,0,2.99,97,50,0
2025-05-02,2031659501,MINI OREO ORI. MULTIPACK 8X17.5G,0,0,2.75,62,58,0
2025-05-02,1080462101,MAMAMI ORGANIC WAVE OVERNIGHT OAT 120G,14,0,5.11,59,50,0
2025-05-02,1090128701,FRUIT NETRON 14 (CTN),0,0,8.63,102,50,0
2025-05-02,2010035001,APOLLO LAYER CAKE VANILLA M/P 8X18G*1,32,0,5.53,181,70,0
2025-05-02,2010039801,MISSION TORTILLA POTATO WRAPS 360GM*1,0,0,3.35,107,52,0
2025-05-02,2031926001,CHIPSMORE DOUBLE CHOC MP 8x36G,0,0,2.91,288,158,0
2025-05-02,20250901001,GARDENIA DELICIA CHOCO RAISIN 360G*1,0,0,8.18,86,50,0
2025-05-02,2031743501,JACOB'S VP WEETAMEAL 289G,0,0,2.04,114,52,0
2025-05-02,2031743801,JACOB'S MULTIPACK WEETAMEAL 144G,0,0,7.65,117,70,0
2025-05-02,2040012001,TWISTIES BBQ CURRY 140G *1,0,0,4.59,62,50,0
2025-05-02,2010039901,MASSIMO WHOLEMEAL 400GM*1,14,0,4.87,83,50,0
2025-05-02,2010040201,GARDENIA 100% W/GRAIN PURPLE WHEAT 400GM,0,0,8.9,70,50,0
2025-05-02,80010002,PANADOL 10s,0,0,4.65,70,50,0
2025-05-02,2010000401,GARDENIA CREAM ROLL-VANILA 50G *1,0,0,4.37,374,147,0
2025-05-02,1120000301,CN214-CB-PVC6SCAV(SQ)BROWN CASE-10PCS,0,0,7.84,62,50,0
2025-05-02,2030211001,KRAFT OREO STRAWBERRY 110.4G *1,0,0,7.38,107,67,0
2025-05-02,70010001,Micro USB,30,0,2.96,102,67,0
2025-05-02,1120001501,BOOKS(IMP)CONE FIGURES- 1PC,0,0,8.09,160,61,0
2025-05-02,1110029901,AJI-SHIO PEPPER (45GM),0,0,8.17,111,50,0
2025-05-02,2031800401,CHIPSMORE HAZELNUT HANDY MP 8x24G,0,0,5.38,387,161,0
2025-05-02,2010040901,ADVENTIST 3 SEEDS SPROUTED BREAD*1,0,0,2.65,568,231,0
2025-05-03,2010048801,MASSIMO FINE WHOLEMEAL BREAD 400G,61,0,4.75,921,812,0
2025-05-03,1090092001,KACANG PARANG CILI,23,0,7.86,62,50,0
2025-05-03,1120003601,WYCCO171SSASSO/COOKIE CUTTER- 1SET,0,0,2.53,224,161,0
2025-05-03,2040011101,TWISTIES CHICKEN 60G,0,0,1.73,78,75,0
2025-05-03,2030437001,MINI OREO BIG POUCH CHOCO. 61.3G,0,0,5.81,97,50,0
2025-05-03,2030052801,TIGER BISKUAT ENERGY 144.4G,0,0,2.61,196,81,0
2025-05-03,2010039101,MASSIMO CORN CREAM ROLL 50GM*1,0,0,7.49,349,133,0
2025-05-03,2040012701,CHACHO'S CHEESY CHEESE 160G,0,0,3.45,106,50,0
2025-05-03,2040230601,CHEEZELS BBQ CHEESE 60G *1,0,0,2.72,63,58,0
2025-05-03,2010006001,GARDENIA TWIGGIES CREAM DREAM 2x40G *1,18,0,5.46,297,238,0
2025-05-03,2010038801,MASSIMO SANDWICH WHEAT GERM 400GM*1,0,0,6.89,88,50,0
2025-05-03,2041816301,TWISTIES BBQ CURRY 13G (24PKT),0,0,2.67,70,50,0
2025-05-03,2040012101,CHEEZELS 60G *1,0,0,3.32,62,52,0
2025-05-03,2010040101,GARDENIA FINEGRAIN W/MEAL 400GM*1,0,0,3.6,120,50,0
2025-05-03,2041880901,JACOB'S BAKED CRISP ORIGINAL 229G,0,0,6.74,80,50,0
2025-05-03,2040272701,TWISTIES CHIPSTER HOT & SPICY 60G,0,0,3.93,116,52,0
2025-05-03,2010036201,GARDENIA DELICIA CHOCO RAISIN 360G*1,0,0,2.52,122,58,0
2025-05-03,2031974101,OREO SPACEBURST CREAM L/E 9x27.6G,29,0,7.81,704,434,0
2025-05-03,2010040501,KELLOGG'S S'MORES 14.7 OZ*1,0,0,4.44,56,50,0
2025-05-03,2010039001,MASSIMO CHOCO CREAM ROLL 50GM*1,21,0,6.61,961,322,0
2025-05-03,2030361801,TIGER BISKUAT ORIGINAL JUMBO 364.8GM,0,0,3.17,62,56,0
2025-05-03,1090128501,FRUIT NETRON 14 (PCS),0,0,2.28,142,56,0
2025-05-03,2031923801,JACOB'S WEETAMEAL 502G,0,0,4.07,99,50,0
2025-05-03,2010047701,MISSION TORTILLA 6 GRAINS WRAPS 360G,0,0,4.37,61,58,0
2025-05-03,2010038701,MASSIMO WHITE SANDWICH LOAF 600GM*1,0,0,5.78,141,50,0
2025-05-03,2010037801,GARDENIA WAFFLES EGG VANILLA 42GM*1,20,0,8.35,322,175,0
2025-05-03,2010040701,KELLOGG'S POP TART CHOCO FUDGE 13.5OZ,0,0,9.52,64,50,0
2025-05-03,2010038901,MASSIMO SANDWICH WHEAT GERM 600GM*1,0,0,6.78,95,79,0
2025-05-03,2030361901,TIGER BISKUAT CHOCOLATE JUMBO 364.8GM,0,0,2.99,97,50,0
2025-05-03,2031659501,MINI OREO ORI. MULTIPACK 8X17.5G,0,0,2.75,62,58,0
2025-05-03,1080462101,MAMAMI ORGANIC WAVE OVERNIGHT OAT 120G,0,0,5.11,106,50,0
2025-05-03,1090128701,FRUIT NETRON 14 (CTN),0,0,8.63,102,50,0
2025-05-03,2010035001,APOLLO LAYER CAKE VANILLA M/P 8X18G*1,0,0,5.53,149,70,0
2025-05-03,2010039801,MISSION TORTILLA POTATO WRAPS 360GM*1,0,0,3.35,107,52,0
2025-05-03,2031926001,CHIPSMORE DOUBLE CHOC MP 8x36G,0,0,2.91,288,158,0
2025-05-03,20250901001,GARDENIA DELICIA CHOCO RAISIN 360G*1,0,0,8.18,86,50,0
2025-05-03,2031743501,JACOB'S VP WEETAMEAL 289G,0,0,2.04,114,52,0
2025-05-03,2031743801,JACOB'S MULTIPACK WEETAMEAL 144G,0,0,7.65,117,70,0
2025-05-03,2040012001,TWISTIES BBQ CURRY 140G *1,0,0,4.59,62,50,0
2025-05-03,2010039901,MASSIMO WHOLEMEAL 400GM*1,0,0,4.87,69,50,0
2025-05-03,2010040201,GARDENIA 100% W/GRAIN PURPLE WHEAT 400GM,22,0,8.9,70,50,0
2025-05-03,80010002,PANADOL 10s,0,0,4.65,70,50,0
2025-05-03,2010000401,GARDENIA CREAM ROLL-VANILA 50G *1,21,0,4.37,374,147,0
2025-05-03,1120000301,CN214-CB-PVC6SCAV(SQ)BROWN CASE-10PCS,0,0,7.84,62,50,0
2025-05-03,2030211001,KRAFT OREO STRAWBERRY 110.4G *1,27,0,7.38,107,67,0
2025-05-03,70010001,Micro USB,0,0,2.96,72,67,0
2025-05-03,1120001501,BOOKS(IMP)CONE FIGURES- 1PC,0,0,8.09,160,61,0
2025-05-03,1110029901,AJI-SHIO PEPPER (45GM),0,0,8.17,111,50,0
2025-05-03,2031800401,CHIPSMORE HAZELNUT HANDY MP 8x24G,24,0,5.38,387,161,0
2025-05-03,2010040901,ADVENTIST 3 SEEDS SPROUTED BREAD*1,26,0,2.65,568,231,0
2025-05-04,2010048801,MASSIMO FINE WHOLEMEAL BREAD 400G,64,0,4.75,860,812,0
2025-05-04,1090092001,KACANG PARANG CILI,0,0,7.86,100,50,0
2025-05-04,1120003601,WYCCO171SSASSO/COOKIE CUTTER- 1SET,25,0,2.53,224,161,0
2025-05-04,2040011101,TWISTIES CHICKEN 60G,0,0,1.73,78,75,0
2025-05-04,2030437001,MINI OREO BIG POUCH CHOCO. 61.3G,0,0,5.81,97,50,0
2025-05-04,2030052801,TIGER BISKUAT ENERGY 144.4G,0,0,2.61,196,81,0
2025-05-04,2010039101,MASSIMO CORN CREAM ROLL 50GM*1,20,0,7.49,349,133,0
2025-05-04,2040012701,CHACHO'S CHEESY CHEESE 160G,14,0,3.45,106,50,0
2025-05-04,2040230601,CHEEZELS BBQ CHEESE 60G *1,0,0,2.72,63,58,0
2025-05-04,2010006001,GARDENIA TWIGGIES CREAM DREAM 2x40G *1,17,0,5.46,279,238,0
2025-05-04,2010038801,MASSIMO SANDWICH WHEAT GERM 400GM*1,40,0,6.89,88,50,0
2025-05-04,2041816301,TWISTIES BBQ CURRY 13G (24PKT),19,0,2.67,70,50,0
2025-05-04,2040012101,CHEEZELS 60G *1,29,0,3.32,62,52,0
2025-05-04,2010040101,GARDENIA FINEGRAIN W/MEAL 400GM*1,0,0,3.6,120,50,0
2025-05-04,2041880901,JACOB'S BAKED CRISP ORIGINAL 229G,11,0,6.74,80,50,0
2025-05-04,2040272701,TWISTIES CHIPSTER HOT & SPICY 60G,0,0,3.93,116,52,0
2025-05-04,2010036201,GARDENIA DELICIA CHOCO RAISIN 360G*1,34,0,2.52,122,58,0
2025-05-04,2031974101,OREO SPACEBURST CREAM L/E 9x27.6G,31,0,7.81,675,434,0
2025-05-04,2010040501,KELLOGG'S S'MORES 14.7 OZ*1,0,0,4.44,56,50,0
2025-05-04,2010039001,MASSIMO CHOCO CREAM ROLL 50GM*1,18,0,6.61,940,322,0
2025-05-04,2030361801,TIGER BISKUAT ORIGINAL JUMBO 364.8GM,0,0,3.17,62,56,0
2025-05-04,1090128501,FRUIT NETRON 14 (PCS),0,0,2.28,142,56,0
2025-05-04,2031923801,JACOB'S WEETAMEAL 502G,0,0,4.07,99,50,0
2025-05-04,2010047701,MISSION TORTILLA 6 GRAINS WRAPS 360G,18,0,4.37,61,58,0
2025-05-04,2010038701,MASSIMO WHITE SANDWICH LOAF 600GM*1,0,0,5.78,141,50,0
2025-05-04,2010037801,GARDENIA WAFFLES EGG VANILLA 42GM*1,0,0,8.35,302,175,0
2025-05-04,2010040701,KELLOGG'S POP TART CHOCO FUDGE 13.5OZ,0,0,9.52,64,50,0
2025-05-04,2010038901,MASSIMO SANDWICH WHEAT GERM 600GM*1,0,0,6.78,95,79,0
2025-05-04,2030361901,TIGER BISKUAT CHOCOLATE JUMBO 364.8GM,12,0,2.99,97,50,0
2025-05-04,2031659501,MINI OREO ORI. MULTIPACK 8X17.5G,19,0,2.75,62,58,0
2025-05-04,1080462101,MAMAMI ORGANIC WAVE OVERNIGHT OAT 120G,0,0,5.11,106,50,0
2025-05-04,1090128701,FRUIT NETRON 14 (CTN),0,0,8.63,102,50,0
2025-05-04,2010035001,APOLLO LAYER CAKE VANILLA M/P 8X18G*1,0,0,5.53,149,70,0
2025-05-04,2010039801,MISSION TORTILLA POTATO WRAPS 360GM*1,0,0,3.35,107,52,0
2025-05-04,2031926001,CHIPSMORE DOUBLE CHOC MP 8x36G,37,0,2.91,288,158,0
2025-05-04,20250901001,GARDENIA DELICIA CHOCO RAISIN 360G*1,0,0,8.18,86,50,0
2025-05-04,2031743501,JACOB'S VP WEETAMEAL 289G,22,0,2.04,114,52,0
2025-05-04,2031743801,JACOB'S MULTIPACK WEETAMEAL 144G,0,0,7.65,117,70,0
2025-05-04,2040012001,TWISTIES BBQ CURRY 140G *1,0,0,4.59,62,50,0
2025-05-04,2010039901,MASSIMO WHOLEMEAL 400GM*1,0,0,4.87,69,50,0
2025-05-04,2010040201,GARDENIA 100% W/GRAIN PURPLE WHEAT 400GM,0,0,8.9,112,50,0
2025-05-04,80010002,PANADOL 10s,0,0,4.65,70,50,0
2025-05-04,2010000401,GARDENIA CREAM ROLL-VANILA 50G *1,0,0,4.37,353,147,0
2025-05-04,1120000301,CN214-CB-PVC6SCAV(SQ)BROWN CASE-10PCS,0,0,7.84,62,50,0
2025-05-04,2030211001,KRAFT OREO STRAWBERRY 110.4G *1,0,0,7.38,80,67,0
2025-05-04,70010001,Micro USB,0,0,2.96,72,67,0
2025-05-04,1120001501,BOOKS(IMP)CONE FIGURES- 1PC,0,0,8.09,160,61,0
2025-05-04,1110029901,AJI-SHIO PEPPER (45GM),0,0,8.17,111,50,0
2025-05-04,2031800401,CHIPSMORE HAZELNUT HANDY MP 8x24G,0,0,5.38,363,161,0
2025-05-04,2010040901,ADVENTIST 3 SEEDS SPROUTED BREAD*1,0,0,2.65,542,231,0
2025-05-05,2010048801,MASSIMO FINE WHOLEMEAL BREAD 400G,68,0,4.75,2420,812,0
2025-05-05,1090092001,KACANG PARANG CILI,0,0,7.86,100,50,0
2025-05-05,1120003601,WYCCO171SSASSO/COOKIE CUTTER- 1SET,0,0,2.53,199,161,0
2025-05-05,2040011101,TWISTIES CHICKEN 60G,0,0,1.73,78,75,0
2025-05-05,2030437001,MINI OREO BIG POUCH CHOCO. 61.3G,0,0,5.81,97,50,0
2025-05-05,2030052801,TIGER BISKUAT ENERGY 144.4G,0,0,2.61,196,81,0
2025-05-05,2010039101,MASSIMO CORN CREAM ROLL 50GM*1,0,0,7.49,329,133,0
2025-05-05,2040012701,CHACHO'S CHEESY CHEESE 160G,0,0,3.45,92,50,0
2025-05-05,2040230601,CHEEZELS BBQ CHEESE 60G *1,0,0,2.72,63,58,0
2025-05-05,2010006001,GARDENIA TWIGGIES CREAM DREAM 2x40G *1,0,0,5.46,262,238,0
2025-05-05,2010038801,MASSIMO SANDWICH WHEAT GERM 400GM*1,0,0,6.89,143,50,0
2025-05-05,2041816301,TWISTIES BBQ CURRY 13G (24PKT),0,0,2.67,51,50,0
2025-05-05,2040012101,CHEEZELS 60G *1,0,0,3.32,137,52,0
2025-05-05,2010040101,GARDENIA FINEGRAIN W/MEAL 400GM*1,0,0,3.6,120,50,0
2025-05-05,2041880901,JACOB'S BAKED CRISP ORIGINAL 229G,0,0,6.74,69,50,0
2025-05-05,2040272701,TWISTIES CHIPSTER HOT & SPICY 60G,16,0,3.93,116,52,0
2025-05-05,2010036201,GARDENIA DELICIA CHOCO RAISIN 360G*1,0,0,2.52,88,58,0
2025-05-05,2031974101,OREO SPACEBURST CREAM L/E 9x27.6G,32,0,7.81,644,434,0
2025-05-05,2010040501,KELLOGG'S S'MORES 14.7 OZ*1,0,0,4.44,56,50,0
2025-05-05,2010039001,MASSIMO CHOCO CREAM ROLL 50GM*1,19,0,6.61,922,322,0
2025-05-05,2030361801,TIGER BISKUAT ORIGINAL JUMBO 364.8GM,0,0,3.17,62,56,0
2025-05-05,1090128501,FRUIT NETRON 14 (PCS),0,0,2.28,142,56,0
2025-05-05,2031923801,JACOB'S WEETAMEAL 502G,0,0,4.07,99,50,0
2025-05-05,2010047701,MISSION TORTILLA 6 GRAINS WRAPS 360G,0,0,4.37,160,58,0
2025-05-05,2010038701,MASSIMO WHITE SANDWICH LOAF 600GM*1,30,0,5.78,141,50,0
2025-05-05,2010037801,GARDENIA WAFFLES EGG VANILLA 42GM*1,27,0,8.35,302,175,0
2025-05-05,2010040701,KELLOGG'S POP TART CHOCO FUDGE 13.5OZ,0,0,9.52,64,50,0
2025-05-05,2010038901,MASSIMO SANDWICH WHEAT GERM 600GM*1,60,0,6.78,95,79,0
2025-05-05,2030361901,TIGER BISKUAT CHOCOLATE JUMBO 364.8GM,0,0,2.99,85,50,0
2025-05-05,2031659501,MINI OREO ORI. MULTIPACK 8X17.5G,0,0,2.75,160,58,0
2025-05-05,1080462101,MAMAMI ORGANIC WAVE OVERNIGHT OAT 120G,0,0,5.11,106,50,0
2025-05-05,1090128701,FRUIT NETRON 14 (CTN),0,0,8.63,102,50,0
2025-05-05,2010035001,APOLLO LAYER CAKE VANILLA M/P 8X18G*1,0,0,5.53,149,70,0
2025-05-05,2010039801,MISSION TORTILLA POTATO WRAPS 360GM*1,0,0,3.35,107,52,0
2025-05-05,2031926001,CHIPSMORE DOUBLE CHOC MP 8x36G,0,0,2.91,251,158,0
2025-05-05,20250901001,GARDENIA DELICIA CHOCO RAISIN 360G*1,0,0,8.18,86,50,0
2025-05-05,2031743501,JACOB'S VP WEETAMEAL 289G,0,0,2.04,92,52,0
2025-05-05,2031743801,JACOB'S MULTIPACK WEETAMEAL 144G,0,0,7.65,117,70,0
2025-05-05,2040012001,TWISTIES BBQ CURRY 140G *1,0,0,4.59,62,50,0
2025-05-05,2010039901,MASSIMO WHOLEMEAL 400GM*1,0,0,4.87,69,50,0
2025-05-05,2010040201,GARDENIA 100% W/GRAIN PURPLE WHEAT 400GM,0,0,8.9,112,50,0
2025-05-05,80010002,PANADOL 10s,0,0,4.65,70,50,0
2025-05-05,2010000401,GARDENIA CREAM ROLL-VANILA 50G *1,20,0,4.37,353,147,0
2025-05-05,1120000301,CN214-CB-PVC6SCAV(SQ)BROWN CASE-10PCS,0,0,7.84,62,50,0
2025-05-05,2030211001,KRAFT OREO STRAWBERRY 110.4G *1,0,0,7.38,80,67,0
2025-05-05,70010001,Micro USB,0,0,2.96,72,67,0
2025-05-05,1120001501,BOOKS(IMP)CONE FIGURES- 1PC,21,0,8.09,160,61,0
2025-05-05,1110029901,AJI-SHIO PEPPER (45GM),23,0,8.17,111,50,0
2025-05-05,2031800401,CHIPSMORE HAZELNUT HANDY MP 8x24G,0,0,5.38,363,161,0
2025-05-05,2010040901,ADVENTIST 3 SEEDS SPROUTED BREAD*1,0,0,2.65,542,231,0
2025-05-06,2010048801,MASSIMO FINE WHOLEMEAL BREAD 400G,49,0,4.75,2352,812,0
2025-05-06,1090092001,KACANG PARANG CILI,0,0,7.86,100,50,0
2025-05-06,1120003601,WYCCO171SSASSO/COOKIE CUTTER- 1SET,19,0,2.53,199,161,0
2025-05-06,2040011101,TWISTIES CHICKEN 60G,25,0,1.73,78,75,0
2025-05-06,2030437001,MINI OREO BIG POUCH CHOCO. 61.3G,25,0,5.81,97,50,0
2025-05-06,2030052801,TIGER BISKUAT ENERGY 144.4G,31,0,2.61,196,81,0
2025-05-06,2010039101,MASSIMO CORN CREAM ROLL 50GM*1,21,0,7.49,329,133,0
2025-05-06,2040012701,CHACHO'S CHEESY CHEESE 160G,0,0,3.45,92,50,0
2025-05-06,2040230601,CHEEZELS BBQ CHEESE 60G *1,0,0,2.72,63,58,0
2025-05-06,2010006001,GARDENIA TWIGGIES CREAM DREAM 2x40G *1,16,0,5.46,262,238,0
2025-05-06,2010038801,MASSIMO SANDWICH WHEAT GERM 400GM*1,0,0,6.89,143,50,0
2025-05-06,2041816301,TWISTIES BBQ CURRY 13G (24PKT),0,0,2.67,51,50,0
2025-05-06,2040012101,CHEEZELS 60G *1,0,0,3.32,137,52,0
2025-05-06,2010040101,GARDENIA FINEGRAIN W/MEAL 400GM*1,0,0,3.6,120,50,0
2025-05-06,2041880901,JACOB'S BAKED CRISP ORIGINAL 229G,0,0,6.74,69,50,0
2025-05-06,2040272701,TWISTIES CHIPSTER HOT & SPICY 60G,0,0,3.93,100,52,0
2025-05-06,2010036201,GARDENIA DELICIA CHOCO RAISIN 360G*1,0,0,2.52,88,58,0
2025-05-06,2031974101,OREO SPACEBURST CREAM L/E 9x27.6G,0,0,7.81,612,434,0
2025-05-06,2010040501,KELLOGG'S S'MORES 14.7 OZ*1,0,0,4.44,56,50,0
2025-05-06,2010039001,MASSIMO CHOCO CREAM ROLL 50GM*1,18,0,6.61,903,322,0
2025-05-06,2030361801,TIGER BISKUAT ORIGINAL JUMBO 364.8GM,0,0,3.17,62,56,0
2025-05-06,1090128501,FRUIT NETRON 14 (PCS),29,0,2.28,142,56,0
2025-05-06,2031923801,JACOB'S WEETAMEAL 502G,0,0,4.07,99,50,0
2025-05-06,2010047701,MISSION TORTILLA 6 GRAINS WRAPS 360G,0,0,4.37,160,58,0
2025-05-06,2010038701,MASSIMO WHITE SANDWICH LOAF 600GM*1,0,0,5.78,111,50,0
2025-05-06,2010037801,GARDENIA WAFFLES EGG VANILLA 42GM*1,0,0,8.35,275,175,0
2025-05-06,2010040701,KELLOGG'S POP TART CHOCO FUDGE 13.5OZ,32,0,9.52,64,50,0
2025-05-06,2010038901,MASSIMO SANDWICH WHEAT GERM 600GM*1,0,0,6.78,194,79,0
2025-05-06,2030361901,TIGER BISKUAT CHOCOLATE JUMBO 364.8GM,0,0,2.99,85,50,0
2025-05-06,2031659501,MINI OREO ORI. MULTIPACK 8X17.5G,0,0,2.75,160,58,0
2025-05-06,1080462101,MAMAMI ORGANIC WAVE OVERNIGHT OAT 120G,0,0,5.11,106,50,0
2025-05-06,1090128701,FRUIT NETRON 14 (CTN),0,0,8.63,102,50,0
2025-05-06,2010035001,APOLLO LAYER CAKE VANILLA M/P 8X18G*1,0,0,5.53,149,70,0
2025-05-06,2010039801,MISSION TORTILLA POTATO WRAPS 360GM*1,0,0,3.35,107,52,0
2025-05-06,2031926001,CHIPSMORE DOUBLE CHOC MP 8x36G,0,0,2.91,251,158,0
2025-05-06,20250901001,GARDENIA DELICIA CHOCO RAISIN 360G*1,14,0,8.18,86,50,0
2025-05-06,2031743501,JACOB'S VP WEETAMEAL 289G,0,0,2.04,92,52,0
2025-05-06,2031743801,JACOB'S MULTIPACK WEETAMEAL 144G,27,0,7.65,117,70,0
2025-05-06,2040012001,TWISTIES BBQ CURRY 140G *1,13,0,4.59,62,50,0
2025-05-06,2010039901,MASSIMO WHOLEMEAL 400GM*1,0,0,4.87,69,50,0
2025-05-06,2010040201,GARDENIA 100% W/GRAIN PURPLE WHEAT 400GM,0,0,8.9,112,50,0
2025-05-06,80010002,PANADOL 10s,10,0,4.65,70,50,0
2025-05-06,2010000401,GARDENIA CREAM ROLL-VANILA 50G *1,0,0,4.37,333,147,0
2025-05-06,1120000301,CN214-CB-PVC6SCAV(SQ)BROWN CASE-10PCS,0,0,7.84,62,50,0
2025-05-06,2030211001,KRAFT OREO STRAWBERRY 110.4G *1,0,0,7.38,80,67,0
2025-05-06,70010001,Micro USB,0,0,2.96,72,67,0
2025-05-06,1120001501,BOOKS(IMP)CONE FIGURES- 1PC,0,0,8.09,139,61,0
2025-05-06,1110029901,AJI-SHIO PEPPER (45GM),0,0,8.17,88,50,0
2025-05-06,2031800401,CHIPSMORE HAZELNUT HANDY MP 8x24G,22,0,5.38,363,161,0
2025-05-06,2010040901,ADVENTIST 3 SEEDS SPROUTED BREAD*1,31,0,2.65,542,231,0
2025-05-07,2010048801,MASSIMO FINE WHOLEMEAL BREAD 400G,58,0,4.75,2303,812,0
2025-05-07,1090092001,KACANG PARANG CILI,0,0,7.86,100,50,0
2025-05-07,1120003601,WYCCO171SSASSO/COOKIE CUTTER- 1SET,0,0,2.53,180,161,0
2025-05-07,2040011101,TWISTIES CHICKEN 60G,0,0,1.73,204,75,0
2025-05-07,2030437001,MINI OREO BIG POUCH CHOCO. 61.3G,0,0,5.81,72,50,0
2025-05-07,2030052801,TIGER BISKUAT ENERGY 144.4G,0,0,2.61,165,81,0
2025-05-07,2010039101,MASSIMO CORN CREAM ROLL 50GM*1,0,0,7.49,308,133,0
2025-05-07,2040012701,CHACHO'S CHEESY CHEESE 160G,0,0,3.45,92,50,0
2025-05-07,2040230601,CHEEZELS BBQ CHEESE 60G *1,21,0,2.72,63,58,0
2025-05-07,2010006001,GARDENIA TWIGGIES CREAM DREAM 2x40G *1,15,0,5.46,246,238,0
2025-05-07,2010038801,MASSIMO SANDWICH WHEAT GERM 400GM*1,0,0,6.89,143,50,0
2025-05-07,2041816301,TWISTIES BBQ CURRY 13G (24PKT),0,0,2.67,51,50,0
2025-05-07,2040012101,CHEEZELS 60G *1,0,0,3.32,137,52,0
2025-05-07,2010040101,GARDENIA FINEGRAIN W/MEAL 400GM*1,0,0,3.6,120,50,0
2025-05-07,2041880901,JACOB'S BAKED CRISP ORIGINAL 229G,0,0,6.74,69,50,0
2025-05-07,2040272701,TWISTIES CHIPSTER HOT & SPICY 60G,0,0,3.93,100,52,0
2025-05-07,2010036201,GARDENIA DELICIA CHOCO RAISIN 360G*1,0,0,2.52,88,58,0
2025-05-07,2031974101,OREO SPACEBURST CREAM L/E 9x27.6G,0,0,7.81,612,434,0
2025-05-07,2010040501,KELLOGG'S S'MORES 14.7 OZ*1,0,0,4.44,56,50,0
2025-05-07,2010039001,MASSIMO CHOCO CREAM ROLL 50GM*1,20,0,6.61,885,322,0
2025-05-07,2030361801,TIGER BISKUAT ORIGINAL JUMBO 364.8GM,18,0,3.17,62,56,0
2025-05-07,1090128501,FRUIT NETRON 14 (PCS),0,0,2.28,113,56,0
2025-05-07,2031923801,JACOB'S WEETAMEAL 502G,0,0,4.07,99,50,0
2025-05-07,2010047701,MISSION TORTILLA 6 GRAINS WRAPS 360G,0,0,4.37,160,58,0
2025-05-07,2010038701,MASSIMO WHITE SANDWICH LOAF 600GM*1,0,0,5.78,111,50,0
2025-05-07,2010037801,GARDENIA WAFFLES EGG VANILLA 42GM*1,20,0,8.35,275,175,0
2025-05-07,2010040701,KELLOGG'S POP TART CHOCO FUDGE 13.5OZ,0,0,9.52,110,50,0
2025-05-07,2010038901,MASSIMO SANDWICH WHEAT GERM 600GM*1,0,0,6.78,194,79,0
2025-05-07,2030361901,TIGER BISKUAT CHOCOLATE JUMBO 364.8GM,0,0,2.99,85,50,0
2025-05-07,2031659501,MINI OREO ORI. MULTIPACK 8X17.5G,0,0,2.75,160,58,0
2025-05-07,1080462101,MAMAMI ORGANIC WAVE OVERNIGHT OAT 120G,9,0,5.11,106,50,0
2025-05-07,1090128701,FRUIT NETRON 14 (CTN),0,0,8.63,102,50,0
2025-05-07,2010035001,APOLLO LAYER CAKE VANILLA M/P 8X18G*1,26,0,5.53,149,70,0
2025-05-07,2010039801,MISSION TORTILLA POTATO WRAPS 360GM*1,21,0,3.35,107,52,0
2025-05-07,2031926001,CHIPSMORE DOUBLE CHOC MP 8x36G,40,0,2.91,251,158,0
2025-05-07,20250901001,GARDENIA DELICIA CHOCO RAISIN 360G*1,0,0,8.18,72,50,0
2025-05-07,2031743501,JACOB'S VP WEETAMEAL 289G,0,0,2.04,92,52,0
2025-05-07,2031743801,JACOB'S MULTIPACK WEETAMEAL 144G,0,0,7.65,90,70,0
2025-05-07,2040012001,TWISTIES BBQ CURRY 140G *1,0,0,4.59,85,50,0
2025-05-07,2010039901,MASSIMO WHOLEMEAL 400GM*1,0,0,4.87,69,50,0
2025-05-07,2010040201,GARDENIA 100% W/GRAIN PURPLE WHEAT 400GM,0,0,8.9,112,50,0
2025-05-07,80010002,PANADOL 10s,0,0,4.65,60,50,0
2025-05-07,2010000401,GARDENIA CREAM ROLL-VANILA 50G *1,0,0,4.37,333,147,0
2025-05-07,1120000301,CN214-CB-PVC6SCAV(SQ)BROWN CASE-10PCS,22,0,7.84,62,50,0
2025-05-07,2030211001,KRAFT OREO STRAWBERRY 110.4G *1,0,0,7.38,80,67,0
2025-05-07,70010001,Micro USB,19,0,2.96,72,67,0
2025-05-07,1120001501,BOOKS(IMP)CONE FIGURES- 1PC,0,0,8.09,139,61,0
2025-05-07,1110029901,AJI-SHIO PEPPER (45GM),0,0,8.17,88,50,0
2025-05-07,2031800401,CHIPSMORE HAZELNUT HANDY MP 8x24G,24,0,5.38,341,161,0
2025-05-07,2010040901,ADVENTIST 3 SEEDS SPROUTED BREAD*1,0,0,2.65,511,231,0
2025-05-08,2010048801,MASSIMO FINE WHOLEMEAL BREAD 400G,55,0,4.75,2245,812,0
2025-05-08,1090092001,KACANG PARANG CILI,0,0,7.86,100,50,0
2025-05-08,1120003601,WYCCO171SSASSO/COOKIE CUTTER- 1SET,30,0,2.53,180,161,0
2025-05-08,2040011101,TWISTIES CHICKEN 60G,0,0,1.73,204,75,0
2025-05-08,2030437001,MINI OREO BIG POUCH CHOCO. 61.3G,0,0,5.81,72,50,0
2025-05-08,2030052801,TIGER BISKUAT ENERGY 144.4G,0,0,2.61,165,81,0
2025-05-08,2010039101,MASSIMO CORN CREAM ROLL 50GM*1,21,0,7.49,308,133,0
2025-05-08,2040012701,CHACHO'S CHEESY CHEESE 160G,0,0,3.45,92,50,0
2025-05-08,2040230601,CHEEZELS BBQ CHEESE 60G *1,0,0,2.72,159,58,0
2025-05-08,2010006001,GARDENIA TWIGGIES CREAM DREAM 2x40G *1,22,0,5.46,707,238,0
2025-05-08,2010038801,MASSIMO SANDWICH WHEAT GERM 400GM*1,0,0,6.89,143,50,0
2025-05-08,2041816301,TWISTIES BBQ CURRY 13G (24PKT),0,0,2.67,51,50,0
2025-05-08,2040012101,CHEEZELS 60G *1,0,0,3.32,137,52,0
2025-05-08,2010040101,GARDENIA FINEGRAIN W/MEAL 400GM*1,0,0,3.6,120,50,0
2025-05-08,2041880901,JACOB'S BAKED CRISP ORIGINAL 229G,0,0,6.74,69,50,0
2025-05-08,2040272701,TWISTIES CHIPSTER HOT & SPICY 60G,0,0,3.93,100,52,0
2025-05-08,2010036201,GARDENIA DELICIA CHOCO RAISIN 360G*1,0,0,2.52,88,58,0
2025-05-08,2031974101,OREO SPACEBURST CREAM L/E 9x27.6G,41,0,7.81,612,434,0
2025-05-08,2010040501,KELLOGG'S S'MORES 14.7 OZ*1,13,0,4.44,56,50,0
2025-05-08,2010039001,MASSIMO CHOCO CREAM ROLL 50GM*1,23,0,6.61,865,322,0
2025-05-08,2030361801,TIGER BISKUAT ORIGINAL JUMBO 364.8GM,0,0,3.17,156,56,0
2025-05-08,1090128501,FRUIT NETRON 14 (PCS),0,0,2.28,113,56,0
2025-05-08,2031923801,JACOB'S WEETAMEAL 502G,28,0,4.07,99,50,0
2025-05-08,2010047701,MISSION TORTILLA 6 GRAINS WRAPS 360G,0,0,4.37,160,58,0
2025-05-08,2010038701,MASSIMO WHITE SANDWICH LOAF 600GM*1,0,0,5.78,111,50,0
2025-05-08,2010037801,GARDENIA WAFFLES EGG VANILLA 42GM*1,0,0,8.35,255,175,0
2025-05-08,2010040701,KELLOGG'S POP TART CHOCO FUDGE 13.5OZ,0,0,9.52,110,50,0
2025-05-08,2010038901,MASSIMO SANDWICH WHEAT GERM 600GM*1,0,0,6.78,194,79,0
2025-05-08,2030361901,TIGER BISKUAT CHOCOLATE JUMBO 364.8GM,0,0,2.99,85,50,0
2025-05-08,2031659501,MINI OREO ORI. MULTIPACK 8X17.5G,0,0,2.75,160,58,0
2025-05-08,1080462101,MAMAMI ORGANIC WAVE OVERNIGHT OAT 120G,0,0,5.11,97,50,0
2025-05-08,1090128701,FRUIT NETRON 14 (CTN),19,0,8.63,102,50,0
2025-05-08,2010035001,APOLLO LAYER CAKE VANILLA M/P 8X18G*1,0,0,5.53,123,70,0
2025-05-08,2010039801,MISSION TORTILLA POTATO WRAPS 360GM*1,0,0,3.35,86,52,0
2025-05-08,2031926001,CHIPSMORE DOUBLE CHOC MP 8x36G,0,0,2.91,211,158,0
2025-05-08,20250901001,GARDENIA DELICIA CHOCO RAISIN 360G*1,0,0,8.18,72,50,0
2025-05-08,2031743501,JACOB'S VP WEETAMEAL 289G,0,0,2.04,92,52,0
2025-05-08,2031743801,JACOB'S MULTIPACK WEETAMEAL 144G,0,0,7.65,90,70,0
2025-05-08,2040012001,TWISTIES BBQ CURRY 140G *1,0,0,4.59,85,50,0
2025-05-08,2010039901,MASSIMO WHOLEMEAL 400GM*1,0,0,4.87,69,50,0
2025-05-08,2010040201,GARDENIA 100% W/GRAIN PURPLE WHEAT 400GM,0,0,8.9,112,50,0
2025-05-08,80010002,PANADOL 10s,0,0,4.65,60,50,0
2025-05-08,2010000401,GARDENIA CREAM ROLL-VANILA 50G *1,26,0,4.37,333,147,0
2025-05-08,1120000301,CN214-CB-PVC6SCAV(SQ)BROWN CASE-10PCS,0,0,7.84,104,50,0
2025-05-08,2030211001,KRAFT OREO STRAWBERRY 110.4G *1,33,0,7.38,80,67,0
2025-05-08,70010001,Micro USB,0,0,2.96,187,67,0
2025-05-08,1120001501,BOOKS(IMP)CONE FIGURES- 1PC,0,0,8.09,139,61,0
2025-05-08,1110029901,AJI-SHIO PEPPER (45GM),0,0,8.17,88,50,0
2025-05-08,2031800401,CHIPSMORE HAZELNUT HANDY MP 8x24G,0,0,5.38,317,161,0
2025-05-08,2010040901,ADVENTIST 3 SEEDS SPROUTED BREAD*1,36,0,2.65,511,231,0
2025-05-09,2010048801,MASSIMO FINE WHOLEMEAL BREAD 400G,0,0,4.75,2190,812,0
2025-05-09,1090092001,KACANG PARANG CILI,0,0,7.86,100,50,0
2025-05-09,1120003601,WYCCO171SSASSO/COOKIE CUTTER- 1SET,0,0,2.53,472,161,0
2025-05-09,2040011101,TWISTIES CHICKEN 60G,0,0,1.73,204,75,0
2025-05-09,2030437001,MINI OREO BIG POUCH CHOCO. 61.3G,0,0,5.81,72,50,0
2025-05-09,2030052801,TIGER BISKUAT ENERGY 144.4G,0,0,2.61,165,81,0
2025-05-09,2010039101,MASSIMO CORN CREAM ROLL 50GM*1,0,0,7.49,287,133,0
2025-05-09,2040012701,CHACHO'S CHEESY CHEESE 160G,21,0,3.45,92,50,0
2025-05-09,2040230601,CHEEZELS BBQ CHEESE 60G *1,0,0,2.72,159,58,0
2025-05-09,2010006001,GARDENIA TWIGGIES CREAM DREAM 2x40G *1,15,0,5.46,685,238,0
2025-05-09,2010038801,MASSIMO SANDWICH WHEAT GERM 400GM*1,0,0,6.89,143,50,0
2025-05-09,2041816301,TWISTIES BBQ CURRY 13G (24PKT),0,0,2.67,51,50,0
2025-05-09,2040012101,CHEEZELS 60G *1,0,0,3.32,137,52,0
2025-05-09,2010040101,GARDENIA FINEGRAIN W/MEAL 400GM*1,21,0,3.6,120,50,0
2025-05-09,2041880901,JACOB'S BAKED CRISP ORIGINAL 229G,14,0,6.74,69,50,0
2025-05-09,2040272701,TWISTIES CHIPSTER HOT & SPICY 60G,14,0,3.93,100,52,0
2025-05-09,2010036201,GARDENIA DELICIA CHOCO RAISIN 360G*1,0,0,2.52,88,58,0
2025-05-09,2031974101,OREO SPACEBURST CREAM L/E 9x27.6G,32,0,7.81,571,434,0
2025-05-09,2010040501,KELLOGG'S S'MORES 14.7 OZ*1,0,0,4.44,95,50,0
2025-05-09,2010039001,MASSIMO CHOCO CREAM ROLL 50GM*1,24,0,6.61,842,322,0
2025-05-09,2030361801,TIGER BISKUAT ORIGINAL JUMBO 364.8GM,0,0,3.17,156,56,0
2025-05-09,1090128501,FRUIT NETRON 14 (PCS),0,0,2.28,113,56,0
2025-05-09,2031923801,JACOB'S WEETAMEAL 502G,0,0,4.07,71,50,0
2025-05-09,2010047701,MISSION TORTILLA 6 GRAINS WRAPS 360G,0,0,4.37,160,58,0
2025-05-09,2010038701,MASSIMO WHITE SANDWICH LOAF 600GM*1,0,0,5.78,111,50,0
2025-05-09,2010037801,GARDENIA WAFFLES EGG VANILLA 42GM*1,0,0,8.35,255,175,0
2025-05-09,2010040701,KELLOGG'S POP TART CHOCO FUDGE 13.5OZ,0,0,9.52,110,50,0
2025-05-09,2010038901,MASSIMO SANDWICH WHEAT GERM 600GM*1,0,0,6.78,194,79,0
2025-05-09,2030361901,TIGER BISKUAT CHOCOLATE JUMBO 364.8GM,0,0,2.99,85,50,0
2025-05-09,2031659501,MINI OREO ORI. MULTIPACK 8X17.5G,25,0,2.75,160,58,0
2025-05-09,1080462101,MAMAMI ORGANIC WAVE OVERNIGHT OAT 120G,0,0,5.11,97,50,0
2025-05-09,1090128701,FRUIT NETRON 14 (CTN),0,0,8.63,83,50,0
2025-05-09,2010035001,APOLLO LAYER CAKE VANILLA M/P 8X18G*1,0,0,5.53,123,70,0
2025-05-09,2010039801,MISSION TORTILLA POTATO WRAPS 360GM*1,0,0,3.35,86,52,0
2025-05-09,2031926001,CHIPSMORE DOUBLE CHOC MP 8x36G,0,0,2.91,211,158,0
2025-05-09,20250901001,GARDENIA DELICIA CHOCO RAISIN 360G*1,0,0,8.18,72,50,0
2025-05-09,2031743501,JACOB'S VP WEETAMEAL 289G,0,0,2.04,92,52,0
2025-05-09,2031743801,JACOB'S MULTIPACK WEETAMEAL 144G,0,0,7.65,90,70,0
2025-05-09,2040012001,TWISTIES BBQ CURRY 140G *1,0,0,4.59,85,50,0
2025-05-09,2010039901,MASSIMO WHOLEMEAL 400GM*1,0,0,4.87,69,50,0
2025-05-09,2010040201,GARDENIA 100% W/GRAIN PURPLE WHEAT 400GM,0,0,8.9,112,50,0
2025-05-09,80010002,PANADOL 10s,0,0,4.65,60,50,0
2025-05-09,2010000401,GARDENIA CREAM ROLL-VANILA 50G *1,0,0,4.37,307,147,0
2025-05-09,1120000301,CN214-CB-PVC6SCAV(SQ)BROWN CASE-10PCS,0,0,7.84,104,50,0
2025-05-09,2030211001,KRAFT OREO STRAWBERRY 110.4G *1,0,0,7.38,181,67,0
2025-05-09,70010001,Micro USB,0,0,2.96,187,67,0
2025-05-09,1120001501,BOOKS(IMP)CONE FIGURES- 1PC,0,0,8.09,139,61,0
2025-05-09,1110029901,AJI-SHIO PEPPER (45GM),0,0,8.17,88,50,0
2025-05-09,2031800401,CHIPSMORE HAZELNUT HANDY MP 8x24G,30,0,5.38,317,161,0
2025-05-09,2010040901,ADVENTIST 3 SEEDS SPROUTED BREAD*1,0,0,2.65,475,231,0
2025-05-10,2010048801,MASSIMO FINE WHOLEMEAL BREAD 400G,54,0,4.75,2190,812,0
2025-05-10,1090092001,KACANG PARANG CILI,0,0,7.86,100,50,0
2025-05-10,1120003601,WYCCO171SSASSO/COOKIE CUTTER- 1SET,26,0,2.53,472,161,0
2025-05-10,2040011101,TWISTIES CHICKEN 60G,28,0,1.73,204,75,0
2025-05-10,2030437001,MINI OREO BIG POUCH CHOCO. 61.3G,0,0,5.81,72,50,0
2025-05-10,2030052801,TIGER BISKUAT ENERGY 144.4G,0,0,2.61,165,81,0
2025-05-10,2010039101,MASSIMO CORN CREAM ROLL 50GM*1,20,0,7.49,287,133,0
2025-05-10,2040012701,CHACHO'S CHEESY CHEESE 160G,0,0,3.45,71,50,0
2025-05-10,2040230601,CHEEZELS BBQ CHEESE 60G *1,0,0,2.72,159,58,0
2025-05-10,2010006001,GARDENIA TWIGGIES CREAM DREAM 2x40G *1,19,0,5.46,670,238,0
2025-05-10,2010038801,MASSIMO SANDWICH WHEAT GERM 400GM*1,0,0,6.89,143,50,0
2025-05-10,2041816301,TWISTIES BBQ CURRY 13G (24PKT),20,0,2.67,51,50,0
2025-05-10,2040012101,CHEEZELS 60G *1,0,0,3.32,137,52,0
2025-05-10,2010040101,GARDENIA FINEGRAIN W/MEAL 400GM*1,0,0,3.6,99,50,0
2025-05-10,2041880901,JACOB'S BAKED CRISP ORIGINAL 229G,0,0,6.74,55,50,0
2025-05-10,2040272701,TWISTIES CHIPSTER HOT & SPICY 60G,0,0,3.93,86,52,0
2025-05-10,2010036201,GARDENIA DELICIA CHOCO RAISIN 360G*1,0,0,2.52,88,58,0
2025-05-10,2031974101,OREO SPACEBURST CREAM L/E 9x27.6G,33,0,7.81,539,434,0
2025-05-10,2010040501,KELLOGG'S S'MORES 14.7 OZ*1,0,0,4.44,95,50,0
2025-05-10,2010039001,MASSIMO CHOCO CREAM ROLL 50GM*1,0,0,6.61,818,322,0
2025-05-10,2030361801,TIGER BISKUAT ORIGINAL JUMBO 364.8GM,0,0,3.17,156,56,0
2025-05-10,1090128501,FRUIT NETRON 14 (PCS),0,0,2.28,113,56,0
2025-05-10,2031923801,JACOB'S WEETAMEAL 502G,0,0,4.07,71,50,0
2025-05-10,2010047701,MISSION TORTILLA 6 GRAINS WRAPS 360G,23,0,4.37,160,58,0
2025-05-10,2010038701,MASSIMO WHITE SANDWICH LOAF 600GM*1,0,0,5.78,111,50,0
2025-05-10,2010037801,GARDENIA WAFFLES EGG VANILLA 42GM*1,24,0,8.35,255,175,0
2025-05-10,2010040701,KELLOGG'S POP TART CHOCO FUDGE 13.5OZ,0,0,9.52,110,50,0
2025-05-10,2010038901,MASSIMO SANDWICH WHEAT GERM 600GM*1,0,0,6.78,194,79,0
2025-05-10,2030361901,TIGER BISKUAT CHOCOLATE JUMBO 364.8GM,0,0,2.99,85,50,0
2025-05-10,2031659501,MINI OREO ORI. MULTIPACK 8X17.5G,0,0,2.75,135,58,0
2025-05-10,1080462101,MAMAMI ORGANIC WAVE OVERNIGHT OAT 120G,0,0,5.11,97,50,0
2025-05-10,1090128701,FRUIT NETRON 14 (CTN),0,0,8.63,83,50,0
2025-05-10,2010035001,APOLLO LAYER CAKE VANILLA M/P 8X18G*1,0,0,5.53,123,70,0
2025-05-10,2010039801,MISSION TORTILLA POTATO WRAPS 360GM*1,0,0,3.35,86,52,0
2025-05-10,2031926001,CHIPSMORE DOUBLE CHOC MP 8x36G,0,0,2.91,211,158,0
2025-05-10,20250901001,GARDENIA DELICIA CHOCO RAISIN 360G*1,0,0,8.18,72,50,0
2025-05-10,2031743501,JACOB'S VP WEETAMEAL 289G,0,0,2.04,92,52,0
2025-05-10,2031743801,JACOB'S MULTIPACK WEETAMEAL 144G,0,0,7.65,90,70,0
2025-05-10,2040012001,TWISTIES BBQ CURRY 140G *1,0,0,4.59,85,50,0
2025-05-10,2010039901,MASSIMO WHOLEMEAL 400GM*1,0,0,4.87,69,50,0
2025-05-10,2010040201,GARDENIA 100% W/GRAIN PURPLE WHEAT 400GM,0,0,8.9,112,50,0
2025-05-10,80010002,PANADOL 10s,0,0,4.65,60,50,0
2025-05-10,2010000401,GARDENIA CREAM ROLL-VANILA 50G *1,0,0,4.37,307,147,0
2025-05-10,1120000301,CN214-CB-PVC6SCAV(SQ)BROWN CASE-10PCS,0,0,7.84,104,50,0
2025-05-10,2030211001,KRAFT OREO STRAWBERRY 110.4G *1,0,0,7.38,181,67,0
2025-05-10,70010001,Micro USB,0,0,2.96,187,67,0
2025-05-10,1120001501,BOOKS(IMP)CONE FIGURES- 1PC,23,0,8.09,139,61,0
2025-05-10,1110029901,AJI-SHIO PEPPER (45GM),0,0,8.17,88,50,0
2025-05-10,2031800401,CHIPSMORE HAZELNUT HANDY MP 8x24G,0,0,5.38,287,161,0
2025-05-10,2010040901,ADVENTIST 3 SEEDS SPROUTED BREAD*1,36,0,2.65,475,231,0
2025-05-11,2010048801,MASSIMO FINE WHOLEMEAL BREAD 400G,0,0,4.75,2136,812,0
2025-05-11,1090092001,KACANG PARANG CILI,0,0,7.86,100,50,0
2025-05-11,1120003601,WYCCO171SSASSO/COOKIE CUTTER- 1SET,0,0,2.53,446,161,0
2025-05-11,2040011101,TWISTIES CHICKEN 60G,0,0,1.73,176,75,0
2025-05-11,2030437001,MINI OREO BIG POUCH CHOCO. 61.3G,0,0,5.81,72,50,0
2025-05-11,2030052801,TIGER BISKUAT ENERGY 144.4G,30,0,2.61,165,81,0
2025-05-11,2010039101,MASSIMO CORN CREAM ROLL 50GM*1,0,0,7.49,267,133,0
2025-05-11,2040012701,CHACHO'S CHEESY CHEESE 160G,0,0,3.45,71,50,0
2025-05-11,2040230601,CHEEZELS BBQ CHEESE 60G *1,0,0,2.72,159,58,0
2025-05-11,2010006001,GARDENIA TWIGGIES CREAM DREAM 2x40G *1,17,0,5.46,651,238,0
2025-05-11,2010038801,MASSIMO SANDWICH WHEAT GERM 400GM*1,0,0,6.89,143,50,0
2025-05-11,2041816301,TWISTIES BBQ CURRY 13G (24PKT),0,0,2.67,103,50,0
2025-05-11,2040012101,CHEEZELS 60G *1,29,0,3.32,137,52,0
2025-05-11,2010040101,GARDENIA FINEGRAIN W/MEAL 400GM*1,0,0,3.6,99,50,0
2025-05-11,2041880901,JACOB'S BAKED CRISP ORIGINAL 229G,0,0,6.74,55,50,0
2025-05-11,2040272701,TWISTIES CHIPSTER HOT & SPICY 60G,0,0,3.93,86,52,0
2025-05-11,2010036201,GARDENIA DELICIA CHOCO RAISIN 360G*1,0,0,2.52,88,58,0
2025-05-11,2031974101,OREO SPACEBURST CREAM L/E 9x27.6G,29,0,7.81,506,434,0
2025-05-11,2010040501,KELLOGG'S S'MORES 14.7 OZ*1,0,0,4.44,95,50,0
2025-05-11,2010039001,MASSIMO CHOCO CREAM ROLL 50GM*1,19,0,6.61,818,322,0
2025-05-11,2030361801,TIGER BISKUAT ORIGINAL JUMBO 364.8GM,0,0,3.17,156,56,0
2025-05-11,1090128501,FRUIT NETRON 14 (PCS),0,0,2.28,113,56,0
2025-05-11,2031923801,JACOB'S WEETAMEAL 502G,0,0,4.07,71,50,0
2025-05-11,2010047701,MISSION TORTILLA 6 GRAINS WRAPS 360G,0,0,4.37,137,58,0
2025-05-11,2010038701,MASSIMO WHITE SANDWICH LOAF 600GM*1,0,0,5.78,111,50,0
2025-05-11,2010037801,GARDENIA WAFFLES EGG VANILLA 42GM*1,0,0,8.35,231,175,0
2025-05-11,2010040701,KELLOGG'S POP TART CHOCO FUDGE 13.5OZ,0,0,9.52,110,50,0
2025-05-11,2010038901,MASSIMO SANDWICH WHEAT GERM 600GM*1,0,0,6.78,194,79,0
2025-05-11,2030361901,TIGER BISKUAT CHOCOLATE JUMBO 364.8GM,17,0,2.99,85,50,0
2025-05-11,2031659501,MINI OREO ORI. MULTIPACK 8X17.5G,0,0,2.75,135,58,0
2025-05-11,1080462101,MAMAMI ORGANIC WAVE OVERNIGHT OAT 120G,13,0,5.11,97,50,0
2025-05-11,1090128701,FRUIT NETRON 14 (CTN),0,0,8.63,83,50,0
2025-05-11,2010035001,APOLLO LAYER CAKE VANILLA M/P 8X18G*1,0,0,5.53,123,70,0
2025-05-11,2010039801,MISSION TORTILLA POTATO WRAPS 360GM*1,0,0,3.35,86,52,0
2025-05-11,2031926001,CHIPSMORE DOUBLE CHOC MP 8x36G,30,0,2.91,211,158,0
2025-05-11,20250901001,GARDENIA DELICIA CHOCO RAISIN 360G*1,0,0,8.18,72,50,0
2025-05-11,2031743501,JACOB'S VP WEETAMEAL 289G,30,0,2.04,92,52,0
2025-05-11,2031743801,JACOB'S MULTIPACK WEETAMEAL 144G,0,0,7.65,90,70,0
2025-05-11,2040012001,TWISTIES BBQ CURRY 140G *1,0,0,4.59,85,50,0
2025-05-11,2010039901,MASSIMO WHOLEMEAL 400GM*1,0,0,4.87,69,50,0
2025-05-11,2010040201,GARDENIA 100% W/GRAIN PURPLE WHEAT 400GM,0,0,8.9,112,50,0
2025-05-11,80010002,PANADOL 10s,0,0,4.65,60,50,0
2025-05-11,2010000401,GARDENIA CREAM ROLL-VANILA 50G *1,25,0,4.37,307,147,0
2025-05-11,1120000301,CN214-CB-PVC6SCAV(SQ)BROWN CASE-10PCS,0,0,7.84,104,50,0
2025-05-11,2030211001,KRAFT OREO STRAWBERRY 110.4G *1,0,0,7.38,181,67,0
2025-05-11,70010001,Micro USB,0,0,2.96,187,67,0
2025-05-11,1120001501,BOOKS(IMP)CONE FIGURES- 1PC,0,0,8.09,116,61,0
2025-05-11,1110029901,AJI-SHIO PEPPER (45GM),0,0,8.17,88,50,0
2025-05-11,2031800401,CHIPSMORE HAZELNUT HANDY MP 8x24G,0,0,5.38,287,161,0
2025-05-11,2010040901,ADVENTIST 3 SEEDS SPROUTED BREAD*1,0,0,2.65,439,231,0
2025-05-12,2010048801,MASSIMO FINE WHOLEMEAL BREAD 400G,56,0,4.75,2136,812,0
2025-05-12,1090092001,KACANG PARANG CILI,0,0,7.86,100,50,0
2025-05-12,1120003601,WYCCO171SSASSO/COOKIE CUTTER- 1SET,22,0,2.53,446,161,0
2025-05-12,2040011101,TWISTIES CHICKEN 60G,0,0,1.73,176,75,0
2025-05-12,2030437001,MINI OREO BIG POUCH CHOCO. 61.3G,0,0,5.81,72,50,0
2025-05-12,2030052801,TIGER BISKUAT ENERGY 144.4G,0,0,2.61,135,81,0
2025-05-12,2010039101,MASSIMO CORN CREAM ROLL 50GM*1,20,0,7.49,267,133,0
2025-05-12,2040012701,CHACHO'S CHEESY CHEESE 160G,0,0,3.45,71,50,0
2025-05-12,2040230601,CHEEZELS BBQ CHEESE 60G *1,0,0,2.72,159,58,0
2025-05-12,2010006001,GARDENIA TWIGGIES CREAM DREAM 2x40G *1,17,0,5.46,634,238,0
2025-05-12,2010038801,MASSIMO SANDWICH WHEAT GERM 400GM*1,0,0,6.89,143,50,0
2025-05-12,2041816301,TWISTIES BBQ CURRY 13G (24PKT),0,0,2.67,103,50,0
2025-05-12,2040012101,CHEEZELS 60G *1,0,0,3.32,108,52,0
2025-05-12,2010040101,GARDENIA FINEGRAIN W/MEAL 400GM*1,0,0,3.6,99,50,0
2025-05-12,2041880901,JACOB'S BAKED CRISP ORIGINAL 229G,0,0,6.74,55,50,0
2025-05-12,2040272701,TWISTIES CHIPSTER HOT & SPICY 60G,0,0,3.93,86,52,0
2025-05-12,2010036201,GARDENIA DELICIA CHOCO RAISIN 360G*1,26,0,2.52,88,58,0
2025-05-12,2031974101,OREO SPACEBURST CREAM L/E 9x27.6G,28,0,7.81,477,434,0
2025-05-12,2010040501,KELLOGG'S S'MORES 14.7 OZ*1,0,0,4.44,95,50,0
2025-05-12,2010039001,MASSIMO CHOCO CREAM ROLL 50GM*1,0,0,6.61,799,322,0
2025-05-12,2030361801,TIGER BISKUAT ORIGINAL JUMBO 364.8GM,0,0,3.17,156,56,0
2025-05-12,1090128501,FRUIT NETRON 14 (PCS),0,0,2.28,113,56,0
2025-05-12,2031923801,JACOB'S WEETAMEAL 502G,0,0,4.07,71,50,0
2025-05-12,2010047701,MISSION TORTILLA 6 GRAINS WRAPS 360G,0,0,4.37,137,58,0
2025-05-12,2010038701,MASSIMO WHITE SANDWICH LOAF 600GM*1,0,0,5.78,111,50,0
2025-05-12,2010037801,GARDENIA WAFFLES EGG VANILLA 42GM*1,20,0,8.35,231,175,0
2025-05-12,2010040701,KELLOGG'S POP TART CHOCO FUDGE 13.5OZ,0,0,9.52,110,50,0
2025-05-12,2010038901,MASSIMO SANDWICH WHEAT GERM 600GM*1,0,0,6.78,194,79,0
2025-05-12,2030361901,TIGER BISKUAT CHOCOLATE JUMBO 364.8GM,0,0,2.99,68,50,0
2025-05-12,2031659501,MINI OREO ORI. MULTIPACK 8X17.5G,0,0,2.75,135,58,0
2025-05-12,1080462101,MAMAMI ORGANIC WAVE OVERNIGHT OAT 120G,0,0,5.11,84,50,0
2025-05-12,1090128701,FRUIT NETRON 14 (CTN),0,0,8.63,83,50,0
2025-05-12,2010035001,APOLLO LAYER CAKE VANILLA M/P 8X18G*1,23,0,5.53,123,70,0
2025-05-12,2010039801,MISSION TORTILLA POTATO WRAPS 360GM*1,0,0,3.35,86,52,0
2025-05-12,2031926001,CHIPSMORE DOUBLE CHOC MP 8x36G,0,0,2.91,181,158,0
2025-05-12,20250901001,GARDENIA DELICIA CHOCO RAISIN 360G*1,0,0,8.18,72,50,0
2025-05-12,2031743501,JACOB'S VP WEETAMEAL 289G,0,0,2.04,62,52,0
2025-05-12,2031743801,JACOB'S MULTIPACK WEETAMEAL 144G,21,0,7.65,90,70,0
2025-05-12,2040012001,TWISTIES BBQ CURRY 140G *1,0,0,4.59,85,50,0
2025-05-12,2010039901,MASSIMO WHOLEMEAL 400GM*1,15,0,4.87,69,50,0
2025-05-12,2010040201,GARDENIA 100% W/GRAIN PURPLE WHEAT 400GM,0,0,8.9,112,50,0
2025-05-12,80010002,PANADOL 10s,12,0,4.65,60,50,0
2025-05-12,2010000401,GARDENIA CREAM ROLL-VANILA 50G *1,0,0,4.37,282,147,0
2025-05-12,1120000301,CN214-CB-PVC6SCAV(SQ)BROWN CASE-10PCS,0,0,7.84,104,50,0
2025-05-12,2030211001,KRAFT OREO STRAWBERRY 110.4G *1,0,0,7.38,181,67,0
2025-05-12,70010001,Micro USB,26,0,2.96,187,67,0
2025-05-12,1120001501,BOOKS(IMP)CONE FIGURES- 1PC,0,0,8.09,116,61,0
2025-05-12,1110029901,AJI-SHIO PEPPER (45GM),23,0,8.17,88,50,0
2025-05-12,2031800401,CHIPSMORE HAZELNUT HANDY MP 8x24G,24,0,5.38,287,161,0
2025-05-12,2010040901,ADVENTIST 3 SEEDS SPROUTED BREAD*1,34,0,2.65,439,231,0
2025-05-13,2010048801,MASSIMO FINE WHOLEMEAL BREAD 400G,0,0,4.75,2080,812,0
2025-05-13,1090092001,KACANG PARANG CILI,0,0,7.86,100,50,0
2025-05-13,1120003601,WYCCO171SSASSO/COOKIE CUTTER- 1SET,0,0,2.53,424,161,0
2025-05-13,2040011101,TWISTIES CHICKEN 60G,0,0,1.73,176,75,0
2025-05-13,2030437001,MINI OREO BIG POUCH CHOCO. 61.3G,0,0,5.81,72,50,0
2025-05-13,2030052801,TIGER BISKUAT ENERGY 144.4G,0,0,2.61,135,81,0
2025-05-13,2010039101,MASSIMO CORN CREAM ROLL 50GM*1,0,0,7.49,247,133,0
2025-05-13,2040012701,CHACHO'S CHEESY CHEESE 160G,0,0,3.45,71,50,0
2025-05-13,2040230601,CHEEZELS BBQ CHEESE 60G *1,19,0,2.72,159,58,0
2025-05-13,2010006001,GARDENIA TWIGGIES CREAM DREAM 2x40G *1,0,0,5.46,617,238,0
2025-05-13,2010038801,MASSIMO SANDWICH WHEAT GERM 400GM*1,0,0,6.89,143,50,0
2025-05-13,2041816301,TWISTIES BBQ CURRY 13G (24PKT),0,0,2.67,103,50,0
2025-05-13,2040012101,CHEEZELS 60G *1,0,0,3.32,108,52,0
2025-05-13,2010040101,GARDENIA FINEGRAIN W/MEAL 400GM*1,0,0,3.6,99,50,0
2025-05-13,2041880901,JACOB'S BAKED CRISP ORIGINAL 229G,0,0,6.74,55,50,0
2025-05-13,2040272701,TWISTIES CHIPSTER HOT & SPICY 60G,16,0,3.93,86,52,0
2025-05-13,2010036201,GARDENIA DELICIA CHOCO RAISIN 360G*1,0,0,2.52,62,58,0
2025-05-13,2031974101,OREO SPACEBURST CREAM L/E 9x27.6G,36,0,7.81,449,434,0
2025-05-13,2010040501,KELLOGG'S S'MORES 14.7 OZ*1,0,0,4.44,95,50,0
2025-05-13,2010039001,MASSIMO CHOCO CREAM ROLL 50GM*1,21,0,6.61,799,322,0
2025-05-13,2030361801,TIGER BISKUAT ORIGINAL JUMBO 364.8GM,0,0,3.17,156,56,0
2025-05-13,1090128501,FRUIT NETRON 14 (PCS),24,0,2.28,113,56,0
2025-05-13,2031923801,JACOB'S WEETAMEAL 502G,0,0,4.07,71,50,0
2025-05-13,2010047701,MISSION TORTILLA 6 GRAINS WRAPS 360G,0,0,4.37,137,58,0
2025-05-13,2010038701,MASSIMO WHITE SANDWICH LOAF 600GM*1,0,0,5.78,111,50,0
2025-05-13,2010037801,GARDENIA WAFFLES EGG VANILLA 42GM*1,0,0,8.35,211,175,0
2025-05-13,2010040701,KELLOGG'S POP TART CHOCO FUDGE 13.5OZ,0,0,9.52,110,50,0
2025-05-13,2010038901,MASSIMO SANDWICH WHEAT GERM 600GM*1,0,0,6.78,194,79,0
2025-05-13,2030361901,TIGER BISKUAT CHOCOLATE JUMBO 364.8GM,0,0,2.99,68,50,0
2025-05-13,2031659501,MINI OREO ORI. MULTIPACK 8X17.5G,0,0,2.75,135,58,0
2025-05-13,1080462101,MAMAMI ORGANIC WAVE OVERNIGHT OAT 120G,0,0,5.11,84,50,0
2025-05-13,1090128701,FRUIT NETRON 14 (CTN),0,0,8.63,83,50,0
2025-05-13,2010035001,APOLLO LAYER CAKE VANILLA M/P 8X18G*1,0,0,5.53,100,70,0
2025-05-13,2010039801,MISSION TORTILLA POTATO WRAPS 360GM*1,0,0,3.35,86,52,0
2025-05-13,2031926001,CHIPSMORE DOUBLE CHOC MP 8x36G,0,0,2.91,181,158,0
2025-05-13,20250901001,GARDENIA DELICIA CHOCO RAISIN 360G*1,15,0,8.18,72,50,0
2025-05-13,2031743501,JACOB'S VP WEETAMEAL 289G,0,0,2.04,62,52,0
2025-05-13,2031743801,JACOB'S MULTIPACK WEETAMEAL 144G,0,0,7.65,209,70,0
2025-05-13,2040012001,TWISTIES BBQ CURRY 140G *1,0,0,4.59,85,50,0
2025-05-13,2010039901,MASSIMO WHOLEMEAL 400GM*1,0,0,4.87,54,50,0
2025-05-13,2010040201,GARDENIA 100% W/GRAIN PURPLE WHEAT 400GM,20,0,8.9,112,50,0
2025-05-13,80010002,PANADOL 10s,0,0,4.65,120,50,0
2025-05-13,2010000401,GARDENIA CREAM ROLL-VANILA 50G *1,18,0,4.37,282,147,0
2025-05-13,1120000301,CN214-CB-PVC6SCAV(SQ)BROWN CASE-10PCS,0,0,7.84,104,50,0
2025-05-13,2030211001,KRAFT OREO STRAWBERRY 110.4G *1,0,0,7.38,181,67,0
2025-05-13,70010001,Micro USB,0,0,2.96,161,67,0
2025-05-13,1120001501,BOOKS(IMP)CONE FIGURES- 1PC,0,0,8.09,116,61,0
2025-05-13,1110029901,AJI-SHIO PEPPER (45GM),0,0,8.17,65,50,0
2025-05-13,2031800401,CHIPSMORE HAZELNUT HANDY MP 8x24G,0,0,5.38,263,161,0
2025-05-13,2010040901,ADVENTIST 3 SEEDS SPROUTED BREAD*1,0,0,2.65,405,231,0
2025-05-14,2010048801,MASSIMO FINE WHOLEMEAL BREAD 400G,52,0,4.75,2080,812,0
2025-05-14,1090092001,KACANG PARANG CILI,20,0,7.86,100,50,0
2025-05-14,1120003601,WYCCO171SSASSO/COOKIE CUTTER- 1SET,19,0,2.53,424,161,0
2025-05-14,2040011101,TWISTIES CHICKEN 60G,0,0,1.73,176,75,0
2025-05-14,2030437001,MINI OREO BIG POUCH CHOCO. 61.3G,0,0,5.81,72,50,0
2025-05-14,2030052801,TIGER BISKUAT ENERGY 144.4G,0,0,2.61,135,81,0
2025-05-14,2010039101,MASSIMO CORN CREAM ROLL 50GM*1,21,0,7.49,247,133,0
2025-05-14,2040012701,CHACHO'S CHEESY CHEESE 160G,0,0,3.45,71,50,0
2025-05-14,2040230601,CHEEZELS BBQ CHEESE 60G *1,0,0,2.72,140,58,0
2025-05-14,2010006001,GARDENIA TWIGGIES CREAM DREAM 2x40G *1,0,0,5.46,617,238,0
2025-05-14,2010038801,MASSIMO SANDWICH WHEAT GERM 400GM*1,37,0,6.89,143,50,0
2025-05-14,2041816301,TWISTIES BBQ CURRY 13G (24PKT),0,0,2.67,103,50,0
2025-05-14,2040012101,CHEEZELS 60G *1,0,0,3.32,108,52,0
2025-05-14,2010040101,GARDENIA FINEGRAIN W/MEAL 400GM*1,0,0,3.6,99,50,0
2025-05-14,2041880901,JACOB'S BAKED CRISP ORIGINAL 229G,12,0,6.74,55,50,0
2025-05-14,2040272701,TWISTIES CHIPSTER HOT & SPICY 60G,0,0,3.93,70,52,0
2025-05-14,2010036201,GARDENIA DELICIA CHOCO RAISIN 360G*1,0,0,2.52,62,58,0
2025-05-14,2031974101,OREO SPACEBURST CREAM L/E 9x27.6G,28,0,7.81,1281,434,0
2025-05-14,2010040501,KELLOGG'S S'MORES 14.7 OZ*1,14,0,4.44,95,50,0
2025-05-14,2010039001,MASSIMO CHOCO CREAM ROLL 50GM*1,0,0,6.61,778,322,0
2025-05-14,2030361801,TIGER BISKUAT ORIGINAL JUMBO 364.8GM,0,0,3.17,156,56,0
2025-05-14,1090128501,FRUIT NETRON 14 (PCS),0,0,2.28,89,56,0
2025-05-14,2031923801,JACOB'S WEETAMEAL 502G,0,0,4.07,71,50,0
2025-05-14,2010047701,MISSION TORTILLA 6 GRAINS WRAPS 360G,0,0,4.37,137,58,0
2025-05-14,2010038701,MASSIMO WHITE SANDWICH LOAF 600GM*1,0,0,5.78,111,50,0
2025-05-14,2010037801,GARDENIA WAFFLES EGG VANILLA 42GM*1,20,0,8.35,211,175,0
2025-05-14,2010040701,KELLOGG'S POP TART CHOCO FUDGE 13.5OZ,0,0,9.52,110,50,0
2025-05-14,2010038901,MASSIMO SANDWICH WHEAT GERM 600GM*1,0,0,6.78,194,79,0
2025-05-14,2030361901,TIGER BISKUAT CHOCOLATE JUMBO 364.8GM,0,0,2.99,68,50,0
2025-05-14,2031659501,MINI OREO ORI. MULTIPACK 8X17.5G,23,0,2.75,135,58,0
2025-05-14,1080462101,MAMAMI ORGANIC WAVE OVERNIGHT OAT 120G,0,0,5.11,84,50,0
2025-05-14,1090128701,FRUIT NETRON 14 (CTN),0,0,8.63,83,50,0
2025-05-14,2010035001,APOLLO LAYER CAKE VANILLA M/P 8X18G*1,0,0,5.53,100,70,0
2025-05-14,2010039801,MISSION TORTILLA POTATO WRAPS 360GM*1,0,0,3.35,86,52,0
2025-05-14,2031926001,CHIPSMORE DOUBLE CHOC MP 8x36G,34,0,2.91,181,158,0
2025-05-14,20250901001,GARDENIA DELICIA CHOCO RAISIN 360G*1,0,0,8.18,57,50,0
2025-05-14,2031743501,JACOB'S VP WEETAMEAL 289G,0,0,2.04,62,52,0
2025-05-14,2031743801,JACOB'S MULTIPACK WEETAMEAL 144G,0,0,7.65,209,70,0
2025-05-14,2040012001,TWISTIES BBQ CURRY 140G *1,0,0,4.59,85,50,0
2025-05-14,2010039901,MASSIMO WHOLEMEAL 400GM*1,0,0,4.87,54,50,0
2025-05-14,2010040201,GARDENIA 100% W/GRAIN PURPLE WHEAT 400GM,0,0,8.9,92,50,0
2025-05-14,80010002,PANADOL 10s,0,0,4.65,120,50,0
2025-05-14,2010000401,GARDENIA CREAM ROLL-VANILA 50G *1,0,0,4.37,264,147,0
2025-05-14,1120000301,CN214-CB-PVC6SCAV(SQ)BROWN CASE-10PCS,0,0,7.84,104,50,0
2025-05-14,2030211001,KRAFT OREO STRAWBERRY 110.4G *1,0,0,7.38,181,67,0
2025-05-14,70010001,Micro USB,0,0,2.96,161,67,0
2025-05-14,1120001501,BOOKS(IMP)CONE FIGURES- 1PC,0,0,8.09,116,61,0
2025-05-14,1110029901,AJI-SHIO PEPPER (45GM),0,0,8.17,65,50,0
2025-05-14,2031800401,CHIPSMORE HAZELNUT HANDY MP 8x24G,0,0,5.38,263,161,0
2025-05-14,2010040901,ADVENTIST 3 SEEDS SPROUTED BREAD*1,0,0,2.65,405,231,0
2025-05-15,2010048801,MASSIMO FINE WHOLEMEAL BREAD 400G,0,0,4.75,2028,812,0
2025-05-15,1090092001,KACANG PARANG CILI,0,0,7.86,80,50,0
2025-05-15,1120003601,WYCCO171SSASSO/COOKIE CUTTER- 1SET,0,0,2.53,405,161,0
2025-05-15,2040011101,TWISTIES CHICKEN 60G,32,0,1.73,176,75,0
2025-05-15,2030437001,MINI OREO BIG POUCH CHOCO. 61.3G,0,0,5.81,72,50,0
2025-05-15,2030052801,TIGER BISKUAT ENERGY 144.4G,29,0,2.61,135,81,0
2025-05-15,2010039101,MASSIMO CORN CREAM ROLL 50GM*1,0,0,7.49,226,133,0
2025-05-15,2040012701,CHACHO'S CHEESY CHEESE 160G,0,0,3.45,71,50,0
2025-05-15,2040230601,CHEEZELS BBQ CHEESE 60G *1,0,0,2.72,140,58,0
2025-05-15,2010006001,GARDENIA TWIGGIES CREAM DREAM 2x40G *1,18,0,5.46,617,238,0
2025-05-15,2010038801,MASSIMO SANDWICH WHEAT GERM 400GM*1,0,0,6.89,106,50,0
2025-05-15,2041816301,TWISTIES BBQ CURRY 13G (24PKT),0,0,2.67,103,50,0
2025-05-15,2040012101,CHEEZELS 60G *1,0,0,3.32,108,52,0
2025-05-15,2010040101,GARDENIA FINEGRAIN W/MEAL 400GM*1,0,0,3.6,99,50,0
2025-05-15,2041880901,JACOB'S BAKED CRISP ORIGINAL 229G,0,0,6.74,110,50,0
2025-05-15,2040272701,TWISTIES CHIPSTER HOT & SPICY 60G,0,0,3.93,70,52,0
2025-05-15,2010036201,GARDENIA DELICIA CHOCO RAISIN 360G*1,0,0,2.52,62,58,0
2025-05-15,2031974101,OREO SPACEBURST CREAM L/E 9x27.6G,29,0,7.81,1253,434,0
2025-05-15,2010040501,KELLOGG'S S'MORES 14.7 OZ*1,0,0,4.44,81,50,0
2025-05-15,2010039001,MASSIMO CHOCO CREAM ROLL 50GM*1,22,0,6.61,778,322,0
2025-05-15,2030361801,TIGER BISKUAT ORIGINAL JUMBO 364.8GM,26,0,3.17,156,56,0
2025-05-15,1090128501,FRUIT NETRON 14 (PCS),0,0,2.28,89,56,0
2025-05-15,2031923801,JACOB'S WEETAMEAL 502G,24,0,4.07,71,50,0
2025-05-15,2010047701,MISSION TORTILLA 6 GRAINS WRAPS 360G,25,0,4.37,137,58,0
2025-05-15,2010038701,MASSIMO WHITE SANDWICH LOAF 600GM*1,0,0,5.78,111,50,0
2025-05-15,2010037801,GARDENIA WAFFLES EGG VANILLA 42GM*1,23,0,8.35,191,175,0
2025-05-15,2010040701,KELLOGG'S POP TART CHOCO FUDGE 13.5OZ,0,0,9.52,110,50,0
2025-05-15,2010038901,MASSIMO SANDWICH WHEAT GERM 600GM*1,69,0,6.78,194,79,0
2025-05-15,2030361901,TIGER BISKUAT CHOCOLATE JUMBO 364.8GM,0,0,2.99,68,50,0
2025-05-15,2031659501,MINI OREO ORI. MULTIPACK 8X17.5G,0,0,2.75,112,58,0
2025-05-15,1080462101,MAMAMI ORGANIC WAVE OVERNIGHT OAT 120G,0,0,5.11,84,50,0
2025-05-15,1090128701,FRUIT NETRON 14 (CTN),17,0,8.63,83,50,0
2025-05-15,2010035001,APOLLO LAYER CAKE VANILLA M/P 8X18G*1,0,0,5.53,100,70,0
2025-05-15,2010039801,MISSION TORTILLA POTATO WRAPS 360GM*1,31,0,3.35,86,52,0
2025-05-15,2031926001,CHIPSMORE DOUBLE CHOC MP 8x36G,0,0,2.91,464,158,0
2025-05-15,20250901001,GARDENIA DELICIA CHOCO RAISIN 360G*1,0,0,8.18,57,50,0
2025-05-15,2031743501,JACOB'S VP WEETAMEAL 289G,0,0,2.04,62,52,0
2025-05-15,2031743801,JACOB'S MULTIPACK WEETAMEAL 144G,0,0,7.65,209,70,0
2025-05-15,2040012001,TWISTIES BBQ CURRY 140G *1,12,0,4.59,85,50,0
2025-05-15,2010039901,MASSIMO WHOLEMEAL 400GM*1,0,0,4.87,54,50,0
2025-05-15,2010040201,GARDENIA 100% W/GRAIN PURPLE WHEAT 400GM,0,0,8.9,92,50,0
2025-05-15,80010002,PANADOL 10s,0,0,4.65,120,50,0
2025-05-15,2010000401,GARDENIA CREAM ROLL-VANILA 50G *1,21,0,4.37,264,147,0
2025-05-15,1120000301,CN214-CB-PVC6SCAV(SQ)BROWN CASE-10PCS,0,0,7.84,104,50,0
2025-05-15,2030211001,KRAFT OREO STRAWBERRY 110.4G *1,29,0,7.38,181,67,0
2025-05-15,70010001,Micro USB,0,0,2.96,161,67,0
2025-05-15,1120001501,BOOKS(IMP)CONE FIGURES- 1PC,0,0,8.09,116,61,0
2025-05-15,1110029901,AJI-SHIO PEPPER (45GM),0,0,8.17,65,50,0
2025-05-15,2031800401,CHIPSMORE HAZELNUT HANDY MP 8x24G,31,0,5.38,263,161,0
2025-05-15,2010040901,ADVENTIST 3 SEEDS SPROUTED BREAD*1,35,0,2.65,405,231,0
2025-05-16,2010048801,MASSIMO FINE WHOLEMEAL BREAD 400G,0,0,4.75,2028,812,0
2025-05-16,1090092001,KACANG PARANG CILI,0,0,7.86,80,50,0
2025-05-16,1120003601,WYCCO171SSASSO/COOKIE CUTTER- 1SET,0,0,2.53,405,161,0
2025-05-16,2040011101,TWISTIES CHICKEN 60G,0,0,1.73,144,75,0
2025-05-16,2030437001,MINI OREO BIG POUCH CHOCO. 61.3G,0,0,5.81,72,50,0
2025-05-16,2030052801,TIGER BISKUAT ENERGY 144.4G,0,0,2.61,106,81,0
2025-05-16,2010039101,MASSIMO CORN CREAM ROLL 50GM*1,25,0,7.49,226,133,0
2025-05-16,2040012701,CHACHO'S CHEESY CHEESE 160G,0,0,3.45,71,50,0
2025-05-16,2040230601,CHEEZELS BBQ CHEESE 60G *1,0,0,2.72,140,58,0
2025-05-16,2010006001,GARDENIA TWIGGIES CREAM DREAM 2x40G *1,17,0,5.46,599,238,0
2025-05-16,2010038801,MASSIMO SANDWICH WHEAT GERM 400GM*1,0,0,6.89,106,50,0
2025-05-16,2041816301,TWISTIES BBQ CURRY 13G (24PKT),0,0,2.67,103,50,0
2025-05-16,2040012101,CHEEZELS 60G *1,0,0,3.32,108,52,0
2025-05-16,2010040101,GARDENIA FINEGRAIN W/MEAL 400GM*1,0,0,3.6,99,50,0
2025-05-16,2041880901,JACOB'S BAKED CRISP ORIGINAL 229G,0,0,6.74,110,50,0
2025-05-16,2040272701,TWISTIES CHIPSTER HOT & SPICY 60G,0,0,3.93,70,52,0
2025-05-16,2010036201,GARDENIA DELICIA CHOCO RAISIN 360G*1,0,0,2.52,62,58,0
2025-05-16,2031974101,OREO SPACEBURST CREAM L/E 9x27.6G,28,0,7.81,1224,434,0
2025-05-16,2010040501,KELLOGG'S S'MORES 14.7 OZ*1,0,0,4.44,81,50,0
2025-05-16,2010039001,MASSIMO CHOCO CREAM ROLL 50GM*1,23,0,6.61,756,322,0
2025-05-16,2030361801,TIGER BISKUAT ORIGINAL JUMBO 364.8GM,0,0,3.17,130,56,0
2025-05-16,1090128501,FRUIT NETRON 14 (PCS),0,0,2.28,89,56,0
2025-05-16,2031923801,JACOB'S WEETAMEAL 502G,0,0,4.07,139,50,0
2025-05-16,2010047701,MISSION TORTILLA 6 GRAINS WRAPS 360G,0,0,4.37,112,58,0
2025-05-16,2010038701,MASSIMO WHITE SANDWICH LOAF 600GM*1,34,0,5.78,111,50,0
2025-05-16,2010037801,GARDENIA WAFFLES EGG VANILLA 42GM*1,0,0,8.35,518,175,0
2025-05-16,2010040701,KELLOGG'S POP TART CHOCO FUDGE 13.5OZ,0,0,9.52,110,50,0
2025-05-16,2010038901,MASSIMO SANDWICH WHEAT GERM 600GM*1,0,0,6.78,125,79,0
2025-05-16,2030361901,TIGER BISKUAT CHOCOLATE JUMBO 364.8GM,0,0,2.99,68,50,0
2025-05-16,2031659501,MINI OREO ORI. MULTIPACK 8X17.5G,0,0,2.75,112,58,0
2025-05-16,1080462101,MAMAMI ORGANIC WAVE OVERNIGHT OAT 120G,15,0,5.11,84,50,0
2025-05-16,1090128701,FRUIT NETRON 14 (CTN),0,0,8.63,66,50,0
2025-05-16,2010035001,APOLLO LAYER CAKE VANILLA M/P 8X18G*1,0,0,5.53,100,70,0
2025-05-16,2010039801,MISSION TORTILLA POTATO WRAPS 360GM*1,0,0,3.35,55,52,0
2025-05-16,2031926001,CHIPSMORE DOUBLE CHOC MP 8x36G,0,0,2.91,464,158,0
2025-05-16,20250901001,GARDENIA DELICIA CHOCO RAISIN 360G*1,0,0,8.18,57,50,0
2025-05-16,2031743501,JACOB'S VP WEETAMEAL 289G,0,0,2.04,62,52,0
2025-05-16,2031743801,JACOB'S MULTIPACK WEETAMEAL 144G,0,0,7.65,209,70,0
2025-05-16,2040012001,TWISTIES BBQ CURRY 140G *1,0,0,4.59,73,50,0
2025-05-16,2010039901,MASSIMO WHOLEMEAL 400GM*1,0,0,4.87,54,50,0
2025-05-16,2010040201,GARDENIA 100% W/GRAIN PURPLE WHEAT 400GM,0,0,8.9,92,50,0
2025-05-16,80010002,PANADOL 10s,0,0,4.65,120,50,0
2025-05-16,2010000401,GARDENIA CREAM ROLL-VANILA 50G *1,0,0,4.37,243,147,0
2025-05-16,1120000301,CN214-CB-PVC6SCAV(SQ)BROWN CASE-10PCS,0,0,7.84,104,50,0
2025-05-16,2030211001,KRAFT OREO STRAWBERRY 110.4G *1,0,0,7.38,152,67,0
2025-05-16,70010001,Micro USB,0,0,2.96,161,67,0
2025-05-16,1120001501,BOOKS(IMP)CONE FIGURES- 1PC,23,0,8.09,116,61,0
2025-05-16,1110029901,AJI-SHIO PEPPER (45GM),0,0,8.17,65,50,0
2025-05-16,2031800401,CHIPSMORE HAZELNUT HANDY MP 8x24G,0,0,5.38,232,161,0
2025-05-16,2010040901,ADVENTIST 3 SEEDS SPROUTED BREAD*1,0,0,2.65,370,231,0
2025-05-17,2010048801,MASSIMO FINE WHOLEMEAL BREAD 400G,46,0,4.75,2028,812,0
2025-05-17,1090092001,KACANG PARANG CILI,0,0,7.86,80,50,0
2025-05-17,1120003601,WYCCO171SSASSO/COOKIE CUTTER- 1SET,23,0,2.53,405,161,0
2025-05-17,2040011101,TWISTIES CHICKEN 60G,0,0,1.73,144,75,0
2025-05-17,2030437001,MINI OREO BIG POUCH CHOCO. 61.3G,26,0,5.81,72,50,0
2025-05-17,2030052801,TIGER BISKUAT ENERGY 144.4G,0,0,2.61,106,81,0
2025-05-17,2010039101,MASSIMO CORN CREAM ROLL 50GM*1,0,0,7.49,201,133,0
2025-05-17,2040012701,CHACHO'S CHEESY CHEESE 160G,15,0,3.45,71,50,0
2025-05-17,2040230601,CHEEZELS BBQ CHEESE 60G *1,0,0,2.72,140,58,0
2025-05-17,2010006001,GARDENIA TWIGGIES CREAM DREAM 2x40G *1,16,0,5.46,582,238,0
2025-05-17,2010038801,MASSIMO SANDWICH WHEAT GERM 400GM*1,0,0,6.89,106,50,0
2025-05-17,2041816301,TWISTIES BBQ CURRY 13G (24PKT),18,0,2.67,103,50,0
2025-05-17,2040012101,CHEEZELS 60G *1,0,0,3.32,108,52,0
2025-05-17,2010040101,GARDENIA FINEGRAIN W/MEAL 400GM*1,22,0,3.6,99,50,0
2025-05-17,2041880901,JACOB'S BAKED CRISP ORIGINAL 229G,0,0,6.74,110,50,0
2025-05-17,2040272701,TWISTIES CHIPSTER HOT & SPICY 60G,15,0,3.93,70,52,0
2025-05-17,2010036201,GARDENIA DELICIA CHOCO RAISIN 360G*1,0,0,2.52,62,58,0
2025-05-17,2031974101,OREO SPACEBURST CREAM L/E 9x27.6G,0,0,7.81,1196,434,0
2025-05-17,2010040501,KELLOGG'S S'MORES 14.7 OZ*1,0,0,4.44,81,50,0
2025-05-17,2010039001,MASSIMO CHOCO CREAM ROLL 50GM*1,20,0,6.61,733,322,0
2025-05-17,2030361801,TIGER BISKUAT ORIGINAL JUMBO 364.8GM,0,0,3.17,130,56,0
2025-05-17,1090128501,FRUIT NETRON 14 (PCS),0,0,2.28,89,56,0
2025-05-17,2031923801,JACOB'S WEETAMEAL 502G,0,0,4.07,139,50,0
2025-05-17,2010047701,MISSION TORTILLA 6 GRAINS WRAPS 360G,0,0,4.37,112,58,0
2025-05-17,2010038701,MASSIMO WHITE SANDWICH LOAF 600GM*1,0,0,5.78,77,50,0
2025-05-17,2010037801,GARDENIA WAFFLES EGG VANILLA 42GM*1,27,0,8.35,518,175,0
2025-05-17,2010040701,KELLOGG'S POP TART CHOCO FUDGE 13.5OZ,24,0,9.52,110,50,0
2025-05-17,2010038901,MASSIMO SANDWICH WHEAT GERM 600GM*1,0,0,6.78,125,79,0
2025-05-17,2030361901,TIGER BISKUAT CHOCOLATE JUMBO 364.8GM,0,0,2.99,68,50,0
2025-05-17,2031659501,MINI OREO ORI. MULTIPACK 8X17.5G,0,0,2.75,112,58,0
2025-05-17,1080462101,MAMAMI ORGANIC WAVE OVERNIGHT OAT 120G,0,0,5.11,69,50,0
2025-05-17,1090128701,FRUIT NETRON 14 (CTN),0,0,8.63,66,50,0
2025-05-17,2010035001,APOLLO LAYER CAKE VANILLA M/P 8X18G*1,23,0,5.53,100,70,0
2025-05-17,2010039801,MISSION TORTILLA POTATO WRAPS 360GM*1,0,0,3.35,55,52,0
2025-05-17,2031926001,CHIPSMORE DOUBLE CHOC MP 8x36G,38,0,2.91,464,158,0
2025-05-17,20250901001,GARDENIA DELICIA CHOCO RAISIN 360G*1,0,0,8.18,57,50,0
2025-05-17,2031743501,JACOB'S VP WEETAMEAL 289G,0,0,2.04,62,52,0
2025-05-17,2031743801,JACOB'S MULTIPACK WEETAMEAL 144G,23,0,7.65,209,70,0
2025-05-17,2040012001,TWISTIES BBQ CURRY 140G *1,0,0,4.59,73,50,0
2025-05-17,2010039901,MASSIMO WHOLEMEAL 400GM*1,0,0,4.87,54,50,0
2025-05-17,2010040201,GARDENIA 100% W/GRAIN PURPLE WHEAT 400GM,0,0,8.9,92,50,0
2025-05-17,80010002,PANADOL 10s,0,0,4.65,120,50,0
2025-05-17,2010000401,GARDENIA CREAM ROLL-VANILA 50G *1,24,0,4.37,243,147,0
2025-05-17,1120000301,CN214-CB-PVC6SCAV(SQ)BROWN CASE-10PCS,24,0,7.84,104,50,0
2025-05-17,2030211001,KRAFT OREO STRAWBERRY 110.4G *1,0,0,7.38,152,67,0
2025-05-17,70010001,Micro USB,22,0,2.96,161,67,0
2025-05-17,1120001501,BOOKS(IMP)CONE FIGURES- 1PC,0,0,8.09,93,61,0
2025-05-17,1110029901,AJI-SHIO PEPPER (45GM),0,0,8.17,65,50,0
2025-05-17,2031800401,CHIPSMORE HAZELNUT HANDY MP 8x24G,25,0,5.38,232,161,0
2025-05-17,2010040901,ADVENTIST 3 SEEDS SPROUTED BREAD*1,29,0,2.65,370,231,0
2025-05-18,2010048801,MASSIMO FINE WHOLEMEAL BREAD 400G,62,0,4.75,1982,812,0
2025-05-18,1090092001,KACANG PARANG CILI,0,0,7.86,80,50,0
2025-05-18,1120003601,WYCCO171SSASSO/COOKIE CUTTER- 1SET,0,0,2.53,382,161,0
2025-05-18,2040011101,TWISTIES CHICKEN 60G,0,0,1.73,144,75,0
2025-05-18,2030437001,MINI OREO BIG POUCH CHOCO. 61.3G,0,0,5.81,127,50,0
2025-05-18,2030052801,TIGER BISKUAT ENERGY 144.4G,0,0,2.61,106,81,0
2025-05-18,2010039101,MASSIMO CORN CREAM ROLL 50GM*1,21,0,7.49,201,133,0
2025-05-18,2040012701,CHACHO'S CHEESY CHEESE 160G,0,0,3.45,56,50,0
2025-05-18,2040230601,CHEEZELS BBQ CHEESE 60G *1,24,0,2.72,140,58,0
2025-05-18,2010006001,GARDENIA TWIGGIES CREAM DREAM 2x40G *1,18,0,5.46,566,238,0
2025-05-18,2010038801,MASSIMO SANDWICH WHEAT GERM 400GM*1,0,0,6.89,106,50,0
2025-05-18,2041816301,TWISTIES BBQ CURRY 13G (24PKT),0,0,2.67,85,50,0
2025-05-18,2040012101,CHEEZELS 60G *1,24,0,3.32,108,52,0
2025-05-18,2010040101,GARDENIA FINEGRAIN W/MEAL 400GM*1,0,0,3.6,77,50,0
2025-05-18,2041880901,JACOB'S BAKED CRISP ORIGINAL 229G,0,0,6.74,110,50,0
2025-05-18,2040272701,TWISTIES CHIPSTER HOT & SPICY 60G,0,0,3.93,55,52,0
2025-05-18,2010036201,GARDENIA DELICIA CHOCO RAISIN 360G*1,0,0,2.52,62,58,0
2025-05-18,2031974101,OREO SPACEBURST CREAM L/E 9x27.6G,29,0,7.81,1196,434,0
2025-05-18,2010040501,KELLOGG'S S'MORES 14.7 OZ*1,0,0,4.44,81,50,0
2025-05-18,2010039001,MASSIMO CHOCO CREAM ROLL 50GM*1,26,0,6.61,713,322,0
2025-05-18,2030361801,TIGER BISKUAT ORIGINAL JUMBO 364.8GM,0,0,3.17,130,56,0
2025-05-18,1090128501,FRUIT NETRON 14 (PCS),0,0,2.28,89,56,0
2025-05-18,2031923801,JACOB'S WEETAMEAL 502G,0,0,4.07,139,50,0
2025-05-18,2010047701,MISSION TORTILLA 6 GRAINS WRAPS 360G,0,0,4.37,112,58,0
2025-05-18,2010038701,MASSIMO WHITE SANDWICH LOAF 600GM*1,0,0,5.78,77,50,0
2025-05-18,2010037801,GARDENIA WAFFLES EGG VANILLA 42GM*1,0,0,8.35,491,175,0
2025-05-18,2010040701,KELLOGG'S POP TART CHOCO FUDGE 13.5OZ,0,0,9.52,86,50,0
2025-05-18,2010038901,MASSIMO SANDWICH WHEAT GERM 600GM*1,0,0,6.78,125,79,0
2025-05-18,2030361901,TIGER BISKUAT CHOCOLATE JUMBO 364.8GM,16,0,2.99,68,50,0
2025-05-18,2031659501,MINI OREO ORI. MULTIPACK 8X17.5G,0,0,2.75,112,58,0
2025-05-18,1080462101,MAMAMI ORGANIC WAVE OVERNIGHT OAT 120G,0,0,5.11,69,50,0
2025-05-18,1090128701,FRUIT NETRON 14 (CTN),0,0,8.63,66,50,0
2025-05-18,2010035001,APOLLO LAYER CAKE VANILLA M/P 8X18G*1,0,0,5.53,77,70,0
2025-05-18,2010039801,MISSION TORTILLA POTATO WRAPS 360GM*1,0,0,3.35,55,52,0
2025-05-18,2031926001,CHIPSMORE DOUBLE CHOC MP 8x36G,0,0,2.91,426,158,0
2025-05-18,20250901001,GARDENIA DELICIA CHOCO RAISIN 360G*1,0,0,8.18,57,50,0
2025-05-18,2031743501,JACOB'S VP WEETAMEAL 289G,30,0,2.04,62,52,0
2025-05-18,2031743801,JACOB'S MULTIPACK WEETAMEAL 144G,0,0,7.65,186,70,0
2025-05-18,2040012001,TWISTIES BBQ CURRY 140G *1,0,0,4.59,73,50,0
2025-05-18,2010039901,MASSIMO WHOLEMEAL 400GM*1,0,0,4.87,54,50,0
2025-05-18,2010040201,GARDENIA 100% W/GRAIN PURPLE WHEAT 400GM,0,0,8.9,92,50,0
2025-05-18,80010002,PANADOL 10s,12,0,4.65,120,50,0
2025-05-18,2010000401,GARDENIA CREAM ROLL-VANILA 50G *1,0,0,4.37,219,147,0
2025-05-18,1120000301,CN214-CB-PVC6SCAV(SQ)BROWN CASE-10PCS,0,0,7.84,80,50,0
2025-05-18,2030211001,KRAFT OREO STRAWBERRY 110.4G *1,0,0,7.38,152,67,0
2025-05-18,70010001,Micro USB,0,0,2.96,139,67,0
2025-05-18,1120001501,BOOKS(IMP)CONE FIGURES- 1PC,0,0,8.09,93,61,0
2025-05-18,1110029901,AJI-SHIO PEPPER (45GM),0,0,8.17,65,50,0
2025-05-18,2031800401,CHIPSMORE HAZELNUT HANDY MP 8x24G,0,0,5.38,207,161,0
2025-05-18,2010040901,ADVENTIST 3 SEEDS SPROUTED BREAD*1,0,0,2.65,341,231,0
2025-05-19,2010048801,MASSIMO FINE WHOLEMEAL BREAD 400G,0,0,4.75,1920,812,0
2025-05-19,1090092001,KACANG PARANG CILI,0,0,7.86,80,50,0
2025-05-19,1120003601,WYCCO171SSASSO/COOKIE CUTTER- 1SET,24,0,2.53,382,161,0
2025-05-19,2040011101,TWISTIES CHICKEN 60G,0,0,1.73,144,75,0
2025-05-19,2030437001,MINI OREO BIG POUCH CHOCO. 61.3G,0,0,5.81,127,50,0
2025-05-19,2030052801,TIGER BISKUAT ENERGY 144.4G,0,0,2.61,106,81,0
2025-05-19,2010039101,MASSIMO CORN CREAM ROLL 50GM*1,0,0,7.49,180,133,0
2025-05-19,2040012701,CHACHO'S CHEESY CHEESE 160G,0,0,3.45,56,50,0
2025-05-19,2040230601,CHEEZELS BBQ CHEESE 60G *1,0,0,2.72,116,58,0
2025-05-19,2010006001,GARDENIA TWIGGIES CREAM DREAM 2x40G *1,15,0,5.46,548,238,0
2025-05-19,2010038801,MASSIMO SANDWICH WHEAT GERM 400GM*1,0,0,6.89,106,50,0
2025-05-19,2041816301,TWISTIES BBQ CURRY 13G (24PKT),0,0,2.67,85,50,0
2025-05-19,2040012101,CHEEZELS 60G *1,0,0,3.32,84,52,0
2025-05-19,2010040101,GARDENIA FINEGRAIN W/MEAL 400GM*1,0,0,3.6,77,50,0
2025-05-19,2041880901,JACOB'S BAKED CRISP ORIGINAL 229G,14,0,6.74,110,50,0
2025-05-19,2040272701,TWISTIES CHIPSTER HOT & SPICY 60G,0,0,3.93,55,52,0
2025-05-19,2010036201,GARDENIA DELICIA CHOCO RAISIN 360G*1,29,0,2.52,62,58,0
2025-05-19,2031974101,OREO SPACEBURST CREAM L/E 9x27.6G,30,0,7.81,1167,434,0
2025-05-19,2010040501,KELLOGG'S S'MORES 14.7 OZ*1,0,0,4.44,81,50,0
2025-05-19,2010039001,MASSIMO CHOCO CREAM ROLL 50GM*1,18,0,6.61,687,322,0
2025-05-19,2030361801,TIGER BISKUAT ORIGINAL JUMBO 364.8GM,0,0,3.17,130,56,0
2025-05-19,1090128501,FRUIT NETRON 14 (PCS),0,0,2.28,89,56,0
2025-05-19,2031923801,JACOB'S WEETAMEAL 502G,0,0,4.07,139,50,0
2025-05-19,2010047701,MISSION TORTILLA 6 GRAINS WRAPS 360G,0,0,4.37,112,58,0
2025-05-19,2010038701,MASSIMO WHITE SANDWICH LOAF 600GM*1,0,0,5.78,77,50,0
2025-05-19,2010037801,GARDENIA WAFFLES EGG VANILLA 42GM*1,24,0,8.35,491,175,0
2025-05-19,2010040701,KELLOGG'S POP TART CHOCO FUDGE 13.5OZ,0,0,9.52,86,50,0
2025-05-19,2010038901,MASSIMO SANDWICH WHEAT GERM 600GM*1,0,0,6.78,125,79,0
2025-05-19,2030361901,TIGER BISKUAT CHOCOLATE JUMBO 364.8GM,0,0,2.99,52,50,0
2025-05-19,2031659501,MINI OREO ORI. MULTIPACK 8X17.5G,21,0,2.75,112,58,0
2025-05-19,1080462101,MAMAMI ORGANIC WAVE OVERNIGHT OAT 120G,0,0,5.11,69,50,0
2025-05-19,1090128701,FRUIT NETRON 14 (CTN),0,0,8.63,66,50,0
2025-05-19,2010035001,APOLLO LAYER CAKE VANILLA M/P 8X18G*1,0,0,5.53,77,70,0
2025-05-19,2010039801,MISSION TORTILLA POTATO WRAPS 360GM*1,0,0,3.35,55,52,0
2025-05-19,2031926001,CHIPSMORE DOUBLE CHOC MP 8x36G,0,0,2.91,426,158,0
2025-05-19,20250901001,GARDENIA DELICIA CHOCO RAISIN 360G*1,0,0,8.18,57,50,0
2025-05-19,2031743501,JACOB'S VP WEETAMEAL 289G,0,0,2.04,136,52,0
2025-05-19,2031743801,JACOB'S MULTIPACK WEETAMEAL 144G,0,0,7.65,186,70,0
2025-05-19,2040012001,TWISTIES BBQ CURRY 140G *1,0,0,4.59,73,50,0
2025-05-19,2010039901,MASSIMO WHOLEMEAL 400GM*1,0,0,4.87,54,50,0
2025-05-19,2010040201,GARDENIA 100% W/GRAIN PURPLE WHEAT 400GM,0,0,8.9,92,50,0
2025-05-19,80010002,PANADOL 10s,0,0,4.65,108,50,0
2025-05-19,2010000401,GARDENIA CREAM ROLL-VANILA 50G *1,17,0,4.37,219,147,0
2025-05-19,1120000301,CN214-CB-PVC6SCAV(SQ)BROWN CASE-10PCS,0,0,7.84,80,50,0
2025-05-19,2030211001,KRAFT OREO STRAWBERRY 110.4G *1,27,0,7.38,152,67,0
2025-05-19,70010001,Micro USB,0,0,2.96,139,67,0
2025-05-19,1120001501,BOOKS(IMP)CONE FIGURES- 1PC,0,0,8.09,93,61,0
2025-05-19,1110029901,AJI-SHIO PEPPER (45GM),20,0,8.17,65,50,0
2025-05-19,2031800401,CHIPSMORE HAZELNUT HANDY MP 8x24G,0,0,5.38,207,161,0
2025-05-19,2010040901,ADVENTIST 3 SEEDS SPROUTED BREAD*1,33,0,2.65,341,231,0
2025-05-20,2010048801,MASSIMO FINE WHOLEMEAL BREAD 400G,0,0,4.75,1920,812,0
2025-05-20,1090092001,KACANG PARANG CILI,0,0,7.86,80,50,0
2025-05-20,1120003601,WYCCO171SSASSO/COOKIE CUTTER- 1SET,0,0,2.53,358,161,0
2025-05-20,2040011101,TWISTIES CHICKEN 60G,0,0,1.73,144,75,0
2025-05-20,2030437001,MINI OREO BIG POUCH CHOCO. 61.3G,0,0,5.81,127,50,0
2025-05-20,2030052801,TIGER BISKUAT ENERGY 144.4G,0,0,2.61,106,81,0
2025-05-20,2010039101,MASSIMO CORN CREAM ROLL 50GM*1,18,0,7.49,180,133,0
2025-05-20,2040012701,CHACHO'S CHEESY CHEESE 160G,0,0,3.45,56,50,0
2025-05-20,2040230601,CHEEZELS BBQ CHEESE 60G *1,0,0,2.72,116,58,0
2025-05-20,2010006001,GARDENIA TWIGGIES CREAM DREAM 2x40G *1,16,0,5.46,533,238,0
2025-05-20,2010038801,MASSIMO SANDWICH WHEAT GERM 400GM*1,0,0,6.89,106,50,0
2025-05-20,2041816301,TWISTIES BBQ CURRY 13G (24PKT),0,0,2.67,85,50,0
2025-05-20,2040012101,CHEEZELS 60G *1,0,0,3.32,84,52,0
2025-05-20,2010040101,GARDENIA FINEGRAIN W/MEAL 400GM*1,0,0,3.6,77,50,0
2025-05-20,2041880901,JACOB'S BAKED CRISP ORIGINAL 229G,0,0,6.74,96,50,0
2025-05-20,2040272701,TWISTIES CHIPSTER HOT & SPICY 60G,0,0,3.93,55,52,0
2025-05-20,2010036201,GARDENIA DELICIA CHOCO RAISIN 360G*1,0,0,2.52,149,58,0
2025-05-20,2031974101,OREO SPACEBURST CREAM L/E 9x27.6G,24,0,7.81,1137,434,0
2025-05-20,2010040501,KELLOGG'S S'MORES 14.7 OZ*1,13,0,4.44,81,50,0
2025-05-20,2010039001,MASSIMO CHOCO CREAM ROLL 50GM*1,22,0,6.61,669,322,0
2025-05-20,2030361801,TIGER BISKUAT ORIGINAL JUMBO 364.8GM,21,0,3.17,130,56,0
2025-05-20,1090128501,FRUIT NETRON 14 (PCS),23,0,2.28,89,56,0
2025-05-20,2031923801,JACOB'S WEETAMEAL 502G,0,0,4.07,139,50,0
2025-05-20,2010047701,MISSION TORTILLA 6 GRAINS WRAPS 360G,21,0,4.37,112,58,0
2025-05-20,2010038701,MASSIMO WHITE SANDWICH LOAF 600GM*1,0,0,5.78,77,50,0
2025-05-20,2010037801,GARDENIA WAFFLES EGG VANILLA 42GM*1,0,0,8.35,467,175,0
2025-05-20,2010040701,KELLOGG'S POP TART CHOCO FUDGE 13.5OZ,0,0,9.52,86,50,0
2025-05-20,2010038901,MASSIMO SANDWICH WHEAT GERM 600GM*1,0,0,6.78,125,79,0
2025-05-20,2030361901,TIGER BISKUAT CHOCOLATE JUMBO 364.8GM,0,0,2.99,52,50,0
2025-05-20,2031659501,MINI OREO ORI. MULTIPACK 8X17.5G,0,0,2.75,91,58,0
2025-05-20,1080462101,MAMAMI ORGANIC WAVE OVERNIGHT OAT 120G,0,0,5.11,69,50,0
2025-05-20,1090128701,FRUIT NETRON 14 (CTN),0,0,8.63,66,50,0
2025-05-20,2010035001,APOLLO LAYER CAKE VANILLA M/P 8X18G*1,0,0,5.53,77,70,0
2025-05-20,2010039801,MISSION TORTILLA POTATO WRAPS 360GM*1,0,0,3.35,55,52,0
2025-05-20,2031926001,CHIPSMORE DOUBLE CHOC MP 8x36G,32,0,2.91,426,158,0
2025-05-20,20250901001,GARDENIA DELICIA CHOCO RAISIN 360G*1,0,0,8.18,57,50,0
2025-05-20,2031743501,JACOB'S VP WEETAMEAL 289G,0,0,2.04,136,52,0
2025-05-20,2031743801,JACOB'S MULTIPACK WEETAMEAL 144G,0,0,7.65,186,70,0
2025-05-20,2040012001,TWISTIES BBQ CURRY 140G *1,0,0,4.59,73,50,0
2025-05-20,2010039901,MASSIMO WHOLEMEAL 400GM*1,0,0,4.87,54,50,0
2025-05-20,2010040201,GARDENIA 100% W/GRAIN PURPLE WHEAT 400GM,0,0,8.9,92,50,0
2025-05-20,80010002,PANADOL 10s,0,0,4.65,108,50,0
2025-05-20,2010000401,GARDENIA CREAM ROLL-VANILA 50G *1,0,0,4.37,202,147,0
2025-05-20,1120000301,CN214-CB-PVC6SCAV(SQ)BROWN CASE-10PCS,0,0,7.84,80,50,0
2025-05-20,2030211001,KRAFT OREO STRAWBERRY 110.4G *1,0,0,7.38,125,67,0
2025-05-20,70010001,Micro USB,0,0,2.96,139,67,0
2025-05-20,1120001501,BOOKS(IMP)CONE FIGURES- 1PC,0,0,8.09,93,61,0
2025-05-20,1110029901,AJI-SHIO PEPPER (45GM),0,0,8.17,125,50,0
2025-05-20,2031800401,CHIPSMORE HAZELNUT HANDY MP 8x24G,20,0,5.38,207,161,0
2025-05-20,2010040901,ADVENTIST 3 SEEDS SPROUTED BREAD*1,0,0,2.65,308,231,0
2025-05-21,2010048801,MASSIMO FINE WHOLEMEAL BREAD 400G,63,0,4.75,1920,812,0
2025-05-21,1090092001,KACANG PARANG CILI,0,0,7.86,80,50,0
2025-05-21,1120003601,WYCCO171SSASSO/COOKIE CUTTER- 1SET,24,0,2.53,358,161,0
2025-05-21,2040011101,TWISTIES CHICKEN 60G,29,0,1.73,144,75,0
2025-05-21,2030437001,MINI OREO BIG POUCH CHOCO. 61.3G,0,0,5.81,127,50,0
2025-05-21,2030052801,TIGER BISKUAT ENERGY 144.4G,27,0,2.61,106,81,0
2025-05-21,2010039101,MASSIMO CORN CREAM ROLL 50GM*1,0,0,7.49,162,133,0
2025-05-21,2040012701,CHACHO'S CHEESY CHEESE 160G,0,0,3.45,56,50,0
2025-05-21,2040230601,CHEEZELS BBQ CHEESE 60G *1,0,0,2.72,116,58,0
2025-05-21,2010006001,GARDENIA TWIGGIES CREAM DREAM 2x40G *1,0,0,5.46,517,238,0
2025-05-21,2010038801,MASSIMO SANDWICH WHEAT GERM 400GM*1,0,0,6.89,106,50,0
2025-05-21,2041816301,TWISTIES BBQ CURRY 13G (24PKT),0,0,2.67,85,50,0
2025-05-21,2040012101,CHEEZELS 60G *1,0,0,3.32,84,52,0
2025-05-21,2010040101,GARDENIA FINEGRAIN W/MEAL 400GM*1,0,0,3.6,77,50,0
2025-05-21,2041880901,JACOB'S BAKED CRISP ORIGINAL 229G,0,0,6.74,96,50,0
2025-05-21,2040272701,TWISTIES CHIPSTER HOT & SPICY 60G,0,0,3.93,55,52,0
2025-05-21,2010036201,GARDENIA DELICIA CHOCO RAISIN 360G*1,0,0,2.52,149,58,0
2025-05-21,2031974101,OREO SPACEBURST CREAM L/E 9x27.6G,35,0,7.81,1113,434,0
2025-05-21,2010040501,KELLOGG'S S'MORES 14.7 OZ*1,0,0,4.44,68,50,0
2025-05-21,2010039001,MASSIMO CHOCO CREAM ROLL 50GM*1,26,0,6.61,647,322,0
2025-05-21,2030361801,TIGER BISKUAT ORIGINAL JUMBO 364.8GM,0,0,3.17,109,56,0
2025-05-21,1090128501,FRUIT NETRON 14 (PCS),0,0,2.28,66,56,0
2025-05-21,2031923801,JACOB'S WEETAMEAL 502G,22,0,4.07,139,50,0
2025-05-21,2010047701,MISSION TORTILLA 6 GRAINS WRAPS 360G,0,0,4.37,91,58,0
2025-05-21,2010038701,MASSIMO WHITE SANDWICH LOAF 600GM*1,0,0,5.78,77,50,0
2025-05-21,2010037801,GARDENIA WAFFLES EGG VANILLA 42GM*1,25,0,8.35,467,175,0
2025-05-21,2010040701,KELLOGG'S POP TART CHOCO FUDGE 13.5OZ,0,0,9.52,86,50,0
2025-05-21,2010038901,MASSIMO SANDWICH WHEAT GERM 600GM*1,0,0,6.78,125,79,0
2025-05-21,2030361901,TIGER BISKUAT CHOCOLATE JUMBO 364.8GM,0,0,2.99,52,50,0
2025-05-21,2031659501,MINI OREO ORI. MULTIPACK 8X17.5G,0,0,2.75,91,58,0
2025-05-21,1080462101,MAMAMI ORGANIC WAVE OVERNIGHT OAT 120G,13,0,5.11,69,50,0
2025-05-21,1090128701,FRUIT NETRON 14 (CTN),0,0,8.63,66,50,0
2025-05-21,2010035001,APOLLO LAYER CAKE VANILLA M/P 8X18G*1,0,0,5.53,77,70,0
2025-05-21,2010039801,MISSION TORTILLA POTATO WRAPS 360GM*1,0,0,3.35,55,52,0
2025-05-21,2031926001,CHIPSMORE DOUBLE CHOC MP 8x36G,0,0,2.91,394,158,0
2025-05-21,20250901001,GARDENIA DELICIA CHOCO RAISIN 360G*1,13,0,8.18,57,50,0
2025-05-21,2031743501,JACOB'S VP WEETAMEAL 289G,0,0,2.04,136,52,0
2025-05-21,2031743801,JACOB'S MULTIPACK WEETAMEAL 144G,0,0,7.65,186,70,0
2025-05-21,2040012001,TWISTIES BBQ CURRY 140G *1,0,0,4.59,73,50,0
2025-05-21,2010039901,MASSIMO WHOLEMEAL 400GM*1,0,0,4.87,54,50,0
2025-05-21,2010040201,GARDENIA 100% W/GRAIN PURPLE WHEAT 400GM,0,0,8.9,92,50,0
2025-05-21,80010002,PANADOL 10s,0,0,4.65,108,50,0
2025-05-21,2010000401,GARDENIA CREAM ROLL-VANILA 50G *1,22,0,4.37,202,147,0
2025-05-21,1120000301,CN214-CB-PVC6SCAV(SQ)BROWN CASE-10PCS,0,0,7.84,80,50,0
2025-05-21,2030211001,KRAFT OREO STRAWBERRY 110.4G *1,0,0,7.38,125,67,0
2025-05-21,70010001,Micro USB,0,0,2.96,139,67,0
2025-05-21,1120001501,BOOKS(IMP)CONE FIGURES- 1PC,19,0,8.09,93,61,0
2025-05-21,1110029901,AJI-SHIO PEPPER (45GM),0,0,8.17,125,50,0
2025-05-21,2031800401,CHIPSMORE HAZELNUT HANDY MP 8x24G,0,0,5.38,187,161,0
2025-05-21,2010040901,ADVENTIST 3 SEEDS SPROUTED BREAD*1,26,0,2.65,308,231,0
2025-05-22,2010048801,MASSIMO FINE WHOLEMEAL BREAD 400G,61,0,4.75,1857,812,0
2025-05-22,1090092001,KACANG PARANG CILI,0,0,7.86,80,50,0
2025-05-22,1120003601,WYCCO171SSASSO/COOKIE CUTTER- 1SET,0,0,2.53,334,161,0
2025-05-22,2040011101,TWISTIES CHICKEN 60G,0,0,1.73,115,75,0
2025-05-22,2030437001,MINI OREO BIG POUCH CHOCO. 61.3G,0,0,5.81,127,50,0
2025-05-22,2030052801,TIGER BISKUAT ENERGY 144.4G,0,0,2.61,241,81,0
2025-05-22,2010039101,MASSIMO CORN CREAM ROLL 50GM*1,0,0,7.49,162,133,0
2025-05-22,2040012701,CHACHO'S CHEESY CHEESE 160G,18,0,3.45,56,50,0
2025-05-22,2040230601,CHEEZELS BBQ CHEESE 60G *1,0,0,2.72,116,58,0
2025-05-22,2010006001,GARDENIA TWIGGIES CREAM DREAM 2x40G *1,17,0,5.46,517,238,0
2025-05-22,2010038801,MASSIMO SANDWICH WHEAT GERM 400GM*1,0,0,6.89,106,50,0
2025-05-22,2041816301,TWISTIES BBQ CURRY 13G (24PKT),0,0,2.67,85,50,0
2025-05-22,2040012101,CHEEZELS 60G *1,0,0,3.32,84,52,0
2025-05-22,2010040101,GARDENIA FINEGRAIN W/MEAL 400GM*1,0,0,3.6,77,50,0
2025-05-22,2041880901,JACOB'S BAKED CRISP ORIGINAL 229G,0,0,6.74,96,50,0
2025-05-22,2040272701,TWISTIES CHIPSTER HOT & SPICY 60G,15,0,3.93,55,52,0
2025-05-22,2010036201,GARDENIA DELICIA CHOCO RAISIN 360G*1,0,0,2.52,149,58,0
2025-05-22,2031974101,OREO SPACEBURST CREAM L/E 9x27.6G,43,0,7.81,1078,434,0
2025-05-22,2010040501,KELLOGG'S S'MORES 14.7 OZ*1,0,0,4.44,68,50,0
2025-05-22,2010039001,MASSIMO CHOCO CREAM ROLL 50GM*1,27,0,6.61,621,322,0
2025-05-22,2030361801,TIGER BISKUAT ORIGINAL JUMBO 364.8GM,0,0,3.17,109,56,0
2025-05-22,1090128501,FRUIT NETRON 14 (PCS),0,0,2.28,66,56,0
2025-05-22,2031923801,JACOB'S WEETAMEAL 502G,0,0,4.07,117,50,0
2025-05-22,2010047701,MISSION TORTILLA 6 GRAINS WRAPS 360G,0,0,4.37,91,58,0
2025-05-22,2010038701,MASSIMO WHITE SANDWICH LOAF 600GM*1,0,0,5.78,77,50,0
2025-05-22,2010037801,GARDENIA WAFFLES EGG VANILLA 42GM*1,0,0,8.35,442,175,0
2025-05-22,2010040701,KELLOGG'S POP TART CHOCO FUDGE 13.5OZ,0,0,9.52,86,50,0
2025-05-22,2010038901,MASSIMO SANDWICH WHEAT GERM 600GM*1,0,0,6.78,125,79,0
2025-05-22,2030361901,TIGER BISKUAT CHOCOLATE JUMBO 364.8GM,0,0,2.99,52,50,0
2025-05-22,2031659501,MINI OREO ORI. MULTIPACK 8X17.5G,0,0,2.75,91,58,0
2025-05-22,1080462101,MAMAMI ORGANIC WAVE OVERNIGHT OAT 120G,0,0,5.11,56,50,0
2025-05-22,1090128701,FRUIT NETRON 14 (CTN),0,0,8.63,66,50,0
2025-05-22,2010035001,APOLLO LAYER CAKE VANILLA M/P 8X18G*1,0,0,5.53,77,70,0
2025-05-22,2010039801,MISSION TORTILLA POTATO WRAPS 360GM*1,28,0,3.35,55,52,0
2025-05-22,2031926001,CHIPSMORE DOUBLE CHOC MP 8x36G,0,0,2.91,394,158,0
2025-05-22,20250901001,GARDENIA DELICIA CHOCO RAISIN 360G*1,0,0,8.18,104,50,0
2025-05-22,2031743501,JACOB'S VP WEETAMEAL 289G,0,0,2.04,136,52,0
2025-05-22,2031743801,JACOB'S MULTIPACK WEETAMEAL 144G,30,0,7.65,186,70,0
2025-05-22,2040012001,TWISTIES BBQ CURRY 140G *1,0,0,4.59,73,50,0
2025-05-22,2010039901,MASSIMO WHOLEMEAL 400GM*1,13,0,4.87,54,50,0
2025-05-22,2010040201,GARDENIA 100% W/GRAIN PURPLE WHEAT 400GM,0,0,8.9,92,50,0
2025-05-22,80010002,PANADOL 10s,0,0,4.65,108,50,0
2025-05-22,2010000401,GARDENIA CREAM ROLL-VANILA 50G *1,25,0,4.37,180,147,0
2025-05-22,1120000301,CN214-CB-PVC6SCAV(SQ)BROWN CASE-10PCS,0,0,7.84,80,50,0
2025-05-22,2030211001,KRAFT OREO STRAWBERRY 110.4G *1,0,0,7.38,125,67,0
2025-05-22,70010001,Micro USB,32,0,2.96,139,67,0
2025-05-22,1120001501,BOOKS(IMP)CONE FIGURES- 1PC,0,0,8.09,74,61,0
2025-05-22,1110029901,AJI-SHIO PEPPER (45GM),0,0,8.17,125,50,0
2025-05-22,2031800401,CHIPSMORE HAZELNUT HANDY MP 8x24G,0,0,5.38,187,161,0
2025-05-22,2010040901,ADVENTIST 3 SEEDS SPROUTED BREAD*1,0,0,2.65,282,231,0
2025-05-23,2010048801,MASSIMO FINE WHOLEMEAL BREAD 400G,75,0,4.75,1796,812,0
2025-05-23,1090092001,KACANG PARANG CILI,0,0,7.86,80,50,0
2025-05-23,1120003601,WYCCO171SSASSO/COOKIE CUTTER- 1SET,33,0,2.53,334,161,0
2025-05-23,2040011101,TWISTIES CHICKEN 60G,0,0,1.73,115,75,0
2025-05-23,2030437001,MINI OREO BIG POUCH CHOCO. 61.3G,0,0,5.81,127,50,0
2025-05-23,2030052801,TIGER BISKUAT ENERGY 144.4G,0,0,2.61,241,81,0
2025-05-23,2010039101,MASSIMO CORN CREAM ROLL 50GM*1,22,0,7.49,162,133,0
2025-05-23,2040012701,CHACHO'S CHEESY CHEESE 160G,0,0,3.45,122,50,0
2025-05-23,2040230601,CHEEZELS BBQ CHEESE 60G *1,0,0,2.72,116,58,0
2025-05-23,2010006001,GARDENIA TWIGGIES CREAM DREAM 2x40G *1,21,0,5.46,500,238,0
2025-05-23,2010038801,MASSIMO SANDWICH WHEAT GERM 400GM*1,0,0,6.89,106,50,0
2025-05-23,2041816301,TWISTIES BBQ CURRY 13G (24PKT),0,0,2.67,85,50,0
2025-05-23,2040012101,CHEEZELS 60G *1,0,0,3.32,84,52,0
2025-05-23,2010040101,GARDENIA FINEGRAIN W/MEAL 400GM*1,0,0,3.6,77,50,0
2025-05-23,2041880901,JACOB'S BAKED CRISP ORIGINAL 229G,0,0,6.74,96,50,0
2025-05-23,2040272701,TWISTIES CHIPSTER HOT & SPICY 60G,0,0,3.93,145,52,0
2025-05-23,2010036201,GARDENIA DELICIA CHOCO RAISIN 360G*1,0,0,2.52,149,58,0
2025-05-23,2031974101,OREO SPACEBURST CREAM L/E 9x27.6G,45,0,7.81,1035,434,0
2025-05-23,2010040501,KELLOGG'S S'MORES 14.7 OZ*1,0,0,4.44,68,50,0
2025-05-23,2010039001,MASSIMO CHOCO CREAM ROLL 50GM*1,22,0,6.61,594,322,0
2025-05-23,2030361801,TIGER BISKUAT ORIGINAL JUMBO 364.8GM,0,0,3.17,109,56,0
2025-05-23,1090128501,FRUIT NETRON 14 (PCS),0,0,2.28,66,56,0
2025-05-23,2031923801,JACOB'S WEETAMEAL 502G,0,0,4.07,117,50,0
2025-05-23,2010047701,MISSION TORTILLA 6 GRAINS WRAPS 360G,0,0,4.37,91,58,0
2025-05-23,2010038701,MASSIMO WHITE SANDWICH LOAF 600GM*1,0,0,5.78,77,50,0
2025-05-23,2010037801,GARDENIA WAFFLES EGG VANILLA 42GM*1,0,0,8.35,442,175,0
2025-05-23,2010040701,KELLOGG'S POP TART CHOCO FUDGE 13.5OZ,0,0,9.52,86,50,0
2025-05-23,2010038901,MASSIMO SANDWICH WHEAT GERM 600GM*1,0,0,6.78,125,79,0
2025-05-23,2030361901,TIGER BISKUAT CHOCOLATE JUMBO 364.8GM,0,0,2.99,52,50,0
2025-05-23,2031659501,MINI OREO ORI. MULTIPACK 8X17.5G,0,0,2.75,91,58,0
2025-05-23,1080462101,MAMAMI ORGANIC WAVE OVERNIGHT OAT 120G,0,0,5.11,56,50,0
2025-05-23,1090128701,FRUIT NETRON 14 (CTN),0,0,8.63,66,50,0
2025-05-23,2010035001,APOLLO LAYER CAKE VANILLA M/P 8X18G*1,0,0,5.53,77,70,0
2025-05-23,2010039801,MISSION TORTILLA POTATO WRAPS 360GM*1,0,0,3.35,131,52,0
2025-05-23,2031926001,CHIPSMORE DOUBLE CHOC MP 8x36G,36,0,2.91,394,158,0
2025-05-23,20250901001,GARDENIA DELICIA CHOCO RAISIN 360G*1,0,0,8.18,104,50,0
2025-05-23,2031743501,JACOB'S VP WEETAMEAL 289G,0,0,2.04,136,52,0
2025-05-23,2031743801,JACOB'S MULTIPACK WEETAMEAL 144G,0,0,7.65,156,70,0
2025-05-23,2040012001,TWISTIES BBQ CURRY 140G *1,0,0,4.59,73,50,0
2025-05-23,2010039901,MASSIMO WHOLEMEAL 400GM*1,0,0,4.87,80,50,0
2025-05-23,2010040201,GARDENIA 100% W/GRAIN PURPLE WHEAT 400GM,24,0,8.9,92,50,0
2025-05-23,80010002,PANADOL 10s,12,0,4.65,108,50,0
2025-05-23,2010000401,GARDENIA CREAM ROLL-VANILA 50G *1,0,0,4.37,155,147,0
2025-05-23,1120000301,CN214-CB-PVC6SCAV(SQ)BROWN CASE-10PCS,0,0,7.84,80,50,0
2025-05-23,2030211001,KRAFT OREO STRAWBERRY 110.4G *1,24,0,7.38,125,67,0
2025-05-23,70010001,Micro USB,0,0,2.96,107,67,0
2025-05-23,1120001501,BOOKS(IMP)CONE FIGURES- 1PC,0,0,8.09,74,61,0
2025-05-23,1110029901,AJI-SHIO PEPPER (45GM),0,0,8.17,125,50,0
2025-05-23,2031800401,CHIPSMORE HAZELNUT HANDY MP 8x24G,22,0,5.38,187,161,0
2025-05-23,2010040901,ADVENTIST 3 SEEDS SPROUTED BREAD*1,36,0,2.65,282,231,0
2025-05-24,2010048801,MASSIMO FINE WHOLEMEAL BREAD 400G,46,0,4.75,1721,812,0
2025-05-24,1090092001,KACANG PARANG CILI,0,0,7.86,80,50,0
2025-05-24,1120003601,WYCCO171SSASSO/COOKIE CUTTER- 1SET,0,0,2.53,301,161,0
2025-05-24,2040011101,TWISTIES CHICKEN 60G,0,0,1.73,115,75,0
2025-05-24,2030437001,MINI OREO BIG POUCH CHOCO. 61.3G,0,0,5.81,127,50,0
2025-05-24,2030052801,TIGER BISKUAT ENERGY 144.4G,0,0,2.61,241,81,0
2025-05-24,2010039101,MASSIMO CORN CREAM ROLL 50GM*1,0,0,7.49,140,133,0
2025-05-24,2040012701,CHACHO'S CHEESY CHEESE 160G,0,0,3.45,122,50,0
2025-05-24,2040230601,CHEEZELS BBQ CHEESE 60G *1,0,0,2.72,116,58,0
2025-05-24,2010006001,GARDENIA TWIGGIES CREAM DREAM 2x40G *1,17,0,5.46,479,238,0
2025-05-24,2010038801,MASSIMO SANDWICH WHEAT GERM 400GM*1,28,0,6.89,106,50,0
2025-05-24,2041816301,TWISTIES BBQ CURRY 13G (24PKT),0,0,2.67,85,50,0
2025-05-24,2040012101,CHEEZELS 60G *1,0,0,3.32,84,52,0
2025-05-24,2010040101,GARDENIA FINEGRAIN W/MEAL 400GM*1,23,0,3.6,77,50,0
2025-05-24,2041880901,JACOB'S BAKED CRISP ORIGINAL 229G,10,0,6.74,96,50,0
2025-05-24,2040272701,TWISTIES CHIPSTER HOT & SPICY 60G,0,0,3.93,145,52,0
2025-05-24,2010036201,GARDENIA DELICIA CHOCO RAISIN 360G*1,0,0,2.52,149,58,0
2025-05-24,2031974101,OREO SPACEBURST CREAM L/E 9x27.6G,33,0,7.81,990,434,0
2025-05-24,2010040501,KELLOGG'S S'MORES 14.7 OZ*1,0,0,4.44,68,50,0
2025-05-24,2010039001,MASSIMO CHOCO CREAM ROLL 50GM*1,23,0,6.61,572,322,0
2025-05-24,2030361801,TIGER BISKUAT ORIGINAL JUMBO 364.8GM,0,0,3.17,109,56,0
2025-05-24,1090128501,FRUIT NETRON 14 (PCS),0,0,2.28,66,56,0
2025-05-24,2031923801,JACOB'S WEETAMEAL 502G,0,0,4.07,117,50,0
2025-05-24,2010047701,MISSION TORTILLA 6 GRAINS WRAPS 360G,0,0,4.37,91,58,0
2025-05-24,2010038701,MASSIMO WHITE SANDWICH LOAF 600GM*1,0,0,5.78,77,50,0
2025-05-24,2010037801,GARDENIA WAFFLES EGG VANILLA 42GM*1,24,0,8.35,442,175,0
2025-05-24,2010040701,KELLOGG'S POP TART CHOCO FUDGE 13.5OZ,0,0,9.52,86,50,0
2025-05-24,2010038901,MASSIMO SANDWICH WHEAT GERM 600GM*1,0,0,6.78,125,79,0
2025-05-24,2030361901,TIGER BISKUAT CHOCOLATE JUMBO 364.8GM,0,0,2.99,52,50,0
2025-05-24,2031659501,MINI OREO ORI. MULTIPACK 8X17.5G,18,0,2.75,91,58,0
2025-05-24,1080462101,MAMAMI ORGANIC WAVE OVERNIGHT OAT 120G,0,0,5.11,56,50,0
2025-05-24,1090128701,FRUIT NETRON 14 (CTN),14,0,8.63,66,50,0
2025-05-24,2010035001,APOLLO LAYER CAKE VANILLA M/P 8X18G*1,24,0,5.53,77,70,0
2025-05-24,2010039801,MISSION TORTILLA POTATO WRAPS 360GM*1,0,0,3.35,131,52,0
2025-05-24,2031926001,CHIPSMORE DOUBLE CHOC MP 8x36G,0,0,2.91,358,158,0
2025-05-24,20250901001,GARDENIA DELICIA CHOCO RAISIN 360G*1,0,0,8.18,104,50,0
2025-05-24,2031743501,JACOB'S VP WEETAMEAL 289G,0,0,2.04,136,52,0
2025-05-24,2031743801,JACOB'S MULTIPACK WEETAMEAL 144G,0,0,7.65,156,70,0
2025-05-24,2040012001,TWISTIES BBQ CURRY 140G *1,0,0,4.59,73,50,0
2025-05-24,2010039901,MASSIMO WHOLEMEAL 400GM*1,0,0,4.87,80,50,0
2025-05-24,2010040201,GARDENIA 100% W/GRAIN PURPLE WHEAT 400GM,0,0,8.9,68,50,0
2025-05-24,80010002,PANADOL 10s,0,0,4.65,96,50,0
2025-05-24,2010000401,GARDENIA CREAM ROLL-VANILA 50G *1,17,0,4.37,155,147,0
2025-05-24,1120000301,CN214-CB-PVC6SCAV(SQ)BROWN CASE-10PCS,0,0,7.84,80,50,0
2025-05-24,2030211001,KRAFT OREO STRAWBERRY 110.4G *1,0,0,7.38,101,67,0
2025-05-24,70010001,Micro USB,0,0,2.96,107,67,0
2025-05-24,1120001501,BOOKS(IMP)CONE FIGURES- 1PC,0,0,8.09,74,61,0
2025-05-24,1110029901,AJI-SHIO PEPPER (45GM),0,0,8.17,125,50,0
2025-05-24,2031800401,CHIPSMORE HAZELNUT HANDY MP 8x24G,0,0,5.38,165,161,0
2025-05-24,2010040901,ADVENTIST 3 SEEDS SPROUTED BREAD*1,0,0,2.65,246,231,0
2025-05-25,2010048801,MASSIMO FINE WHOLEMEAL BREAD 400G,49,0,4.75,1675,812,0
2025-05-25,1090092001,KACANG PARANG CILI,25,0,7.86,80,50,0
2025-05-25,1120003601,WYCCO171SSASSO/COOKIE CUTTER- 1SET,0,0,2.53,301,161,0
2025-05-25,2040011101,TWISTIES CHICKEN 60G,0,0,1.73,115,75,0
2025-05-25,2030437001,MINI OREO BIG POUCH CHOCO. 61.3G,0,0,5.81,127,50,0
2025-05-25,2030052801,TIGER BISKUAT ENERGY 144.4G,0,0,2.61,241,81,0
2025-05-25,2010039101,MASSIMO CORN CREAM ROLL 50GM*1,15,0,7.49,140,133,0
2025-05-25,2040012701,CHACHO'S CHEESY CHEESE 160G,0,0,3.45,122,50,0
2025-05-25,2040230601,CHEEZELS BBQ CHEESE 60G *1,20,0,2.72,116,58,0
2025-05-25,2010006001,GARDENIA TWIGGIES CREAM DREAM 2x40G *1,16,0,5.46,462,238,0
2025-05-25,2010038801,MASSIMO SANDWICH WHEAT GERM 400GM*1,0,0,6.89,78,50,0
2025-05-25,2041816301,TWISTIES BBQ CURRY 13G (24PKT),16,0,2.67,85,50,0
2025-05-25,2040012101,CHEEZELS 60G *1,22,0,3.32,84,52,0
2025-05-25,2010040101,GARDENIA FINEGRAIN W/MEAL 400GM*1,0,0,3.6,54,50,0
2025-05-25,2041880901,JACOB'S BAKED CRISP ORIGINAL 229G,0,0,6.74,86,50,0
2025-05-25,2040272701,TWISTIES CHIPSTER HOT & SPICY 60G,0,0,3.93,145,52,0
2025-05-25,2010036201,GARDENIA DELICIA CHOCO RAISIN 360G*1,0,0,2.52,149,58,0
2025-05-25,2031974101,OREO SPACEBURST CREAM L/E 9x27.6G,28,0,7.81,957,434,0
2025-05-25,2010040501,KELLOGG'S S'MORES 14.7 OZ*1,0,0,4.44,68,50,0
2025-05-25,2010039001,MASSIMO CHOCO CREAM ROLL 50GM*1,0,0,6.61,549,322,0
2025-05-25,2030361801,TIGER BISKUAT ORIGINAL JUMBO 364.8GM,0,0,3.17,109,56,0
2025-05-25,1090128501,FRUIT NETRON 14 (PCS),0,0,2.28,66,56,0
2025-05-25,2031923801,JACOB'S WEETAMEAL 502G,0,0,4.07,117,50,0
2025-05-25,2010047701,MISSION TORTILLA 6 GRAINS WRAPS 360G,20,0,4.37,91,58,0
2025-05-25,2010038701,MASSIMO WHITE SANDWICH LOAF 600GM*1,0,0,5.78,77,50,0
2025-05-25,2010037801,GARDENIA WAFFLES EGG VANILLA 42GM*1,0,0,8.35,418,175,0
2025-05-25,2010040701,KELLOGG'S POP TART CHOCO FUDGE 13.5OZ,0,0,9.52,86,50,0
2025-05-25,2010038901,MASSIMO SANDWICH WHEAT GERM 600GM*1,57,0,6.78,125,79,0
2025-05-25,2030361901,TIGER BISKUAT CHOCOLATE JUMBO 364.8GM,13,0,2.99,52,50,0
2025-05-25,2031659501,MINI OREO ORI. MULTIPACK 8X17.5G,0,0,2.75,73,58,0
2025-05-25,1080462101,MAMAMI ORGANIC WAVE OVERNIGHT OAT 120G,0,0,5.11,56,50,0
2025-05-25,1090128701,FRUIT NETRON 14 (CTN),0,0,8.63,52,50,0
2025-05-25,2010035001,APOLLO LAYER CAKE VANILLA M/P 8X18G*1,0,0,5.53,193,70,0
2025-05-25,2010039801,MISSION TORTILLA POTATO WRAPS 360GM*1,0,0,3.35,131,52,0
2025-05-25,2031926001,CHIPSMORE DOUBLE CHOC MP 8x36G,0,0,2.91,358,158,0
2025-05-25,20250901001,GARDENIA DELICIA CHOCO RAISIN 360G*1,0,0,8.18,104,50,0
2025-05-25,2031743501,JACOB'S VP WEETAMEAL 289G,27,0,2.04,136,52,0
2025-05-25,2031743801,JACOB'S MULTIPACK WEETAMEAL 144G,0,0,7.65,156,70,0
2025-05-25,2040012001,TWISTIES BBQ CURRY 140G *1,15,0,4.59,73,50,0
2025-05-25,2010039901,MASSIMO WHOLEMEAL 400GM*1,0,0,4.87,80,50,0
2025-05-25,2010040201,GARDENIA 100% W/GRAIN PURPLE WHEAT 400GM,0,0,8.9,68,50,0
2025-05-25,80010002,PANADOL 10s,0,0,4.65,96,50,0
2025-05-25,2010000401,GARDENIA CREAM ROLL-VANILA 50G *1,0,0,4.37,432,147,0
2025-05-25,1120000301,CN214-CB-PVC6SCAV(SQ)BROWN CASE-10PCS,0,0,7.84,80,50,0
2025-05-25,2030211001,KRAFT OREO STRAWBERRY 110.4G *1,0,0,7.38,101,67,0
2025-05-25,70010001,Micro USB,0,0,2.96,107,67,0
2025-05-25,1120001501,BOOKS(IMP)CONE FIGURES- 1PC,0,0,8.09,74,61,0
2025-05-25,1110029901,AJI-SHIO PEPPER (45GM),16,0,8.17,125,50,0
2025-05-25,2031800401,CHIPSMORE HAZELNUT HANDY MP 8x24G,24,0,5.38,165,161,0
2025-05-25,2010040901,ADVENTIST 3 SEEDS SPROUTED BREAD*1,32,0,2.65,246,231,0
2025-05-26,2010048801,MASSIMO FINE WHOLEMEAL BREAD 400G,67,0,4.75,1626,812,0
2025-05-26,1090092001,KACANG PARANG CILI,0,0,7.86,55,50,0
2025-05-26,1120003601,WYCCO171SSASSO/COOKIE CUTTER- 1SET,21,0,2.53,301,161,0
2025-05-26,2040011101,TWISTIES CHICKEN 60G,31,0,1.73,115,75,0
2025-05-26,2030437001,MINI OREO BIG POUCH CHOCO. 61.3G,0,0,5.81,127,50,0
2025-05-26,2030052801,TIGER BISKUAT ENERGY 144.4G,0,0,2.61,241,81,0
2025-05-26,2010039101,MASSIMO CORN CREAM ROLL 50GM*1,0,0,7.49,391,133,0
2025-05-26,2040012701,CHACHO'S CHEESY CHEESE 160G,12,0,3.45,122,50,0
2025-05-26,2040230601,CHEEZELS BBQ CHEESE 60G *1,0,0,2.72,96,58,0
2025-05-26,2010006001,GARDENIA TWIGGIES CREAM DREAM 2x40G *1,18,0,5.46,446,238,0
2025-05-26,2010038801,MASSIMO SANDWICH WHEAT GERM 400GM*1,0,0,6.89,78,50,0
2025-05-26,2041816301,TWISTIES BBQ CURRY 13G (24PKT),0,0,2.67,69,50,0
2025-05-26,2040012101,CHEEZELS 60G *1,0,0,3.32,62,52,0
2025-05-26,2010040101,GARDENIA FINEGRAIN W/MEAL 400GM*1,0,0,3.6,54,50,0
2025-05-26,2041880901,JACOB'S BAKED CRISP ORIGINAL 229G,0,0,6.74,86,50,0
2025-05-26,2040272701,TWISTIES CHIPSTER HOT & SPICY 60G,14,0,3.93,145,52,0
2025-05-26,2010036201,GARDENIA DELICIA CHOCO RAISIN 360G*1,33,0,2.52,149,58,0
2025-05-26,2031974101,OREO SPACEBURST CREAM L/E 9x27.6G,33,0,7.81,929,434,0
2025-05-26,2010040501,KELLOGG'S S'MORES 14.7 OZ*1,14,0,4.44,68,50,0
2025-05-26,2010039001,MASSIMO CHOCO CREAM ROLL 50GM*1,20,0,6.61,549,322,0
2025-05-26,2030361801,TIGER BISKUAT ORIGINAL JUMBO 364.8GM,16,0,3.17,109,56,0
2025-05-26,1090128501,FRUIT NETRON 14 (PCS),0,0,2.28,66,56,0
2025-05-26,2031923801,JACOB'S WEETAMEAL 502G,0,0,4.07,117,50,0
2025-05-26,2010047701,MISSION TORTILLA 6 GRAINS WRAPS 360G,0,0,4.37,71,58,0
2025-05-26,2010038701,MASSIMO WHITE SANDWICH LOAF 600GM*1,41,0,5.78,77,50,0
2025-05-26,2010037801,GARDENIA WAFFLES EGG VANILLA 42GM*1,21,0,8.35,418,175,0
2025-05-26,2010040701,KELLOGG'S POP TART CHOCO FUDGE 13.5OZ,30,0,9.52,86,50,0
2025-05-26,2010038901,MASSIMO SANDWICH WHEAT GERM 600GM*1,0,0,6.78,227,79,0
2025-05-26,2030361901,TIGER BISKUAT CHOCOLATE JUMBO 364.8GM,0,0,2.99,99,50,0
2025-05-26,2031659501,MINI OREO ORI. MULTIPACK 8X17.5G,0,0,2.75,73,58,0
2025-05-26,1080462101,MAMAMI ORGANIC WAVE OVERNIGHT OAT 120G,12,0,5.11,56,50,0
2025-05-26,1090128701,FRUIT NETRON 14 (CTN),0,0,8.63,52,50,0
2025-05-26,2010035001,APOLLO LAYER CAKE VANILLA M/P 8X18G*1,0,0,5.53,193,70,0
2025-05-26,2010039801,MISSION TORTILLA POTATO WRAPS 360GM*1,0,0,3.35,131,52,0
2025-05-26,2031926001,CHIPSMORE DOUBLE CHOC MP 8x36G,27,0,2.91,358,158,0
2025-05-26,20250901001,GARDENIA DELICIA CHOCO RAISIN 360G*1,0,0,8.18,104,50,0
2025-05-26,2031743501,JACOB'S VP WEETAMEAL 289G,0,0,2.04,109,52,0
2025-05-26,2031743801,JACOB'S MULTIPACK WEETAMEAL 144G,0,0,7.65,156,70,0
2025-05-26,2040012001,TWISTIES BBQ CURRY 140G *1,0,0,4.59,58,50,0
2025-05-26,2010039901,MASSIMO WHOLEMEAL 400GM*1,0,0,4.87,80,50,0
2025-05-26,2010040201,GARDENIA 100% W/GRAIN PURPLE WHEAT 400GM,0,0,8.9,68,50,0
2025-05-26,80010002,PANADOL 10s,0,0,4.65,96,50,0
2025-05-26,2010000401,GARDENIA CREAM ROLL-VANILA 50G *1,20,0,4.37,432,147,0
2025-05-26,1120000301,CN214-CB-PVC6SCAV(SQ)BROWN CASE-10PCS,0,0,7.84,80,50,0
2025-05-26,2030211001,KRAFT OREO STRAWBERRY 110.4G *1,0,0,7.38,101,67,0
2025-05-26,70010001,Micro USB,0,0,2.96,107,67,0
2025-05-26,1120001501,BOOKS(IMP)CONE FIGURES- 1PC,24,0,8.09,74,61,0
2025-05-26,1110029901,AJI-SHIO PEPPER (45GM),0,0,8.17,109,50,0
2025-05-26,2031800401,CHIPSMORE HAZELNUT HANDY MP 8x24G,0,0,5.38,463,161,0
2025-05-26,2010040901,ADVENTIST 3 SEEDS SPROUTED BREAD*1,0,0,2.65,676,231,0
2025-05-27,2010048801,MASSIMO FINE WHOLEMEAL BREAD 400G,0,0,4.75,1559,812,0
2025-05-27,1090092001,KACANG PARANG CILI,0,0,7.86,55,50,0
2025-05-27,1120003601,WYCCO171SSASSO/COOKIE CUTTER- 1SET,0,0,2.53,280,161,0
2025-05-27,2040011101,TWISTIES CHICKEN 60G,0,0,1.73,84,75,0
2025-05-27,2030437001,MINI OREO BIG POUCH CHOCO. 61.3G,0,0,5.81,127,50,0
2025-05-27,2030052801,TIGER BISKUAT ENERGY 144.4G,24,0,2.61,241,81,0
2025-05-27,2010039101,MASSIMO CORN CREAM ROLL 50GM*1,21,0,7.49,391,133,0
2025-05-27,2040012701,CHACHO'S CHEESY CHEESE 160G,0,0,3.45,110,50,0
2025-05-27,2040230601,CHEEZELS BBQ CHEESE 60G *1,0,0,2.72,96,58,0
2025-05-27,2010006001,GARDENIA TWIGGIES CREAM DREAM 2x40G *1,0,0,5.46,428,238,0
2025-05-27,2010038801,MASSIMO SANDWICH WHEAT GERM 400GM*1,0,0,6.89,78,50,0
2025-05-27,2041816301,TWISTIES BBQ CURRY 13G (24PKT),0,0,2.67,69,50,0
2025-05-27,2040012101,CHEEZELS 60G *1,0,0,3.32,62,52,0
2025-05-27,2010040101,GARDENIA FINEGRAIN W/MEAL 400GM*1,0,0,3.6,54,50,0
2025-05-27,2041880901,JACOB'S BAKED CRISP ORIGINAL 229G,0,0,6.74,86,50,0
2025-05-27,2040272701,TWISTIES CHIPSTER HOT & SPICY 60G,0,0,3.93,131,52,0
2025-05-27,2010036201,GARDENIA DELICIA CHOCO RAISIN 360G*1,0,0,2.52,116,58,0
2025-05-27,2031974101,OREO SPACEBURST CREAM L/E 9x27.6G,31,0,7.81,896,434,0
2025-05-27,2010040501,KELLOGG'S S'MORES 14.7 OZ*1,0,0,4.44,54,50,0
2025-05-27,2010039001,MASSIMO CHOCO CREAM ROLL 50GM*1,0,0,6.61,529,322,0
2025-05-27,2030361801,TIGER BISKUAT ORIGINAL JUMBO 364.8GM,0,0,3.17,93,56,0
2025-05-27,1090128501,FRUIT NETRON 14 (PCS),25,0,2.28,66,56,0
2025-05-27,2031923801,JACOB'S WEETAMEAL 502G,0,0,4.07,117,50,0
2025-05-27,2010047701,MISSION TORTILLA 6 GRAINS WRAPS 360G,0,0,4.37,71,58,0
2025-05-27,2010038701,MASSIMO WHITE SANDWICH LOAF 600GM*1,0,0,5.78,134,50,0
2025-05-27,2010037801,GARDENIA WAFFLES EGG VANILLA 42GM*1,0,0,8.35,397,175,0
2025-05-27,2010040701,KELLOGG'S POP TART CHOCO FUDGE 13.5OZ,0,0,9.52,56,50,0
2025-05-27,2010038901,MASSIMO SANDWICH WHEAT GERM 600GM*1,0,0,6.78,227,79,0
2025-05-27,2030361901,TIGER BISKUAT CHOCOLATE JUMBO 364.8GM,0,0,2.99,99,50,0
2025-05-27,2031659501,MINI OREO ORI. MULTIPACK 8X17.5G,0,0,2.75,73,58,0
2025-05-27,1080462101,MAMAMI ORGANIC WAVE OVERNIGHT OAT 120G,0,0,5.11,105,50,0
2025-05-27,1090128701,FRUIT NETRON 14 (CTN),0,0,8.63,52,50,0
2025-05-27,2010035001,APOLLO LAYER CAKE VANILLA M/P 8X18G*1,0,0,5.53,193,70,0
2025-05-27,2010039801,MISSION TORTILLA POTATO WRAPS 360GM*1,0,0,3.35,131,52,0
2025-05-27,2031926001,CHIPSMORE DOUBLE CHOC MP 8x36G,0,0,2.91,331,158,0
2025-05-27,20250901001,GARDENIA DELICIA CHOCO RAISIN 360G*1,0,0,8.18,104,50,0
2025-05-27,2031743501,JACOB'S VP WEETAMEAL 289G,0,0,2.04,109,52,0
2025-05-27,2031743801,JACOB'S MULTIPACK WEETAMEAL 144G,23,0,7.65,156,70,0
2025-05-27,2040012001,TWISTIES BBQ CURRY 140G *1,0,0,4.59,58,50,0
2025-05-27,2010039901,MASSIMO WHOLEMEAL 400GM*1,0,0,4.87,80,50,0
2025-05-27,2010040201,GARDENIA 100% W/GRAIN PURPLE WHEAT 400GM,0,0,8.9,68,50,0
2025-05-27,80010002,PANADOL 10s,0,0,4.65,96,50,0
2025-05-27,2010000401,GARDENIA CREAM ROLL-VANILA 50G *1,0,0,4.37,412,147,0
2025-05-27,1120000301,CN214-CB-PVC6SCAV(SQ)BROWN CASE-10PCS,0,0,7.84,80,50,0
2025-05-27,2030211001,KRAFT OREO STRAWBERRY 110.4G *1,0,0,7.38,101,67,0
2025-05-27,70010001,Micro USB,0,0,2.96,107,67,0
2025-05-27,1120001501,BOOKS(IMP)CONE FIGURES- 1PC,0,0,8.09,173,61,0
2025-05-27,1110029901,AJI-SHIO PEPPER (45GM),0,0,8.17,109,50,0
2025-05-27,2031800401,CHIPSMORE HAZELNUT HANDY MP 8x24G,20,0,5.38,463,161,0
2025-05-27,2010040901,ADVENTIST 3 SEEDS SPROUTED BREAD*1,27,0,2.65,676,231,0
2025-05-28,2010048801,MASSIMO FINE WHOLEMEAL BREAD 400G,64,0,4.75,1559,812,0
2025-05-28,1090092001,KACANG PARANG CILI,0,0,7.86,55,50,0
2025-05-28,1120003601,WYCCO171SSASSO/COOKIE CUTTER- 1SET,27,0,2.53,280,161,0
2025-05-28,2040011101,TWISTIES CHICKEN 60G,0,0,1.73,84,75,0
2025-05-28,2030437001,MINI OREO BIG POUCH CHOCO. 61.3G,23,0,5.81,127,50,0
2025-05-28,2030052801,TIGER BISKUAT ENERGY 144.4G,0,0,2.61,217,81,0
2025-05-28,2010039101,MASSIMO CORN CREAM ROLL 50GM*1,0,0,7.49,370,133,0
2025-05-28,2040012701,CHACHO'S CHEESY CHEESE 160G,0,0,3.45,110,50,0
2025-05-28,2040230601,CHEEZELS BBQ CHEESE 60G *1,0,0,2.72,96,58,0
2025-05-28,2010006001,GARDENIA TWIGGIES CREAM DREAM 2x40G *1,14,0,5.46,428,238,0
2025-05-28,2010038801,MASSIMO SANDWICH WHEAT GERM 400GM*1,0,0,6.89,78,50,0
2025-05-28,2041816301,TWISTIES BBQ CURRY 13G (24PKT),0,0,2.67,69,50,0
2025-05-28,2040012101,CHEEZELS 60G *1,0,0,3.32,62,52,0
2025-05-28,2010040101,GARDENIA FINEGRAIN W/MEAL 400GM*1,0,0,3.6,54,50,0
2025-05-28,2041880901,JACOB'S BAKED CRISP ORIGINAL 229G,0,0,6.74,86,50,0
2025-05-28,2040272701,TWISTIES CHIPSTER HOT & SPICY 60G,0,0,3.93,131,52,0
2025-05-28,2010036201,GARDENIA DELICIA CHOCO RAISIN 360G*1,0,0,2.52,116,58,0
2025-05-28,2031974101,OREO SPACEBURST CREAM L/E 9x27.6G,36,0,7.81,865,434,0
2025-05-28,2010040501,KELLOGG'S S'MORES 14.7 OZ*1,0,0,4.44,54,50,0
2025-05-28,2010039001,MASSIMO CHOCO CREAM ROLL 50GM*1,0,0,6.61,529,322,0
2025-05-28,2030361801,TIGER BISKUAT ORIGINAL JUMBO 364.8GM,0,0,3.17,93,56,0
2025-05-28,1090128501,FRUIT NETRON 14 (PCS),0,0,2.28,153,56,0
2025-05-28,2031923801,JACOB'S WEETAMEAL 502G,23,0,4.07,117,50,0
2025-05-28,2010047701,MISSION TORTILLA 6 GRAINS WRAPS 360G,0,0,4.37,71,58,0
2025-05-28,2010038701,MASSIMO WHITE SANDWICH LOAF 600GM*1,0,0,5.78,134,50,0
2025-05-28,2010037801,GARDENIA WAFFLES EGG VANILLA 42GM*1,20,0,8.35,397,175,0
2025-05-28,2010040701,KELLOGG'S POP TART CHOCO FUDGE 13.5OZ,0,0,9.52,56,50,0
2025-05-28,2010038901,MASSIMO SANDWICH WHEAT GERM 600GM*1,0,0,6.78,227,79,0
2025-05-28,2030361901,TIGER BISKUAT CHOCOLATE JUMBO 364.8GM,0,0,2.99,99,50,0
2025-05-28,2031659501,MINI OREO ORI. MULTIPACK 8X17.5G,0,0,2.75,73,58,0
2025-05-28,1080462101,MAMAMI ORGANIC WAVE OVERNIGHT OAT 120G,0,0,5.11,105,50,0
2025-05-28,1090128701,FRUIT NETRON 14 (CTN),0,0,8.63,52,50,0
2025-05-28,2010035001,APOLLO LAYER CAKE VANILLA M/P 8X18G*1,0,0,5.53,193,70,0
2025-05-28,2010039801,MISSION TORTILLA POTATO WRAPS 360GM*1,0,0,3.35,131,52,0
2025-05-28,2031926001,CHIPSMORE DOUBLE CHOC MP 8x36G,0,0,2.91,331,158,0
2025-05-28,20250901001,GARDENIA DELICIA CHOCO RAISIN 360G*1,14,0,8.18,104,50,0
2025-05-28,2031743501,JACOB'S VP WEETAMEAL 289G,0,0,2.04,109,52,0
2025-05-28,2031743801,JACOB'S MULTIPACK WEETAMEAL 144G,0,0,7.65,133,70,0
2025-05-28,2040012001,TWISTIES BBQ CURRY 140G *1,0,0,4.59,58,50,0
2025-05-28,2010039901,MASSIMO WHOLEMEAL 400GM*1,0,0,4.87,80,50,0
2025-05-28,2010040201,GARDENIA 100% W/GRAIN PURPLE WHEAT 400GM,0,0,8.9,68,50,0
2025-05-28,80010002,PANADOL 10s,13,0,4.65,96,50,0
2025-05-28,2010000401,GARDENIA CREAM ROLL-VANILA 50G *1,18,0,4.37,412,147,0
2025-05-28,1120000301,CN214-CB-PVC6SCAV(SQ)BROWN CASE-10PCS,0,0,7.84,80,50,0
2025-05-28,2030211001,KRAFT OREO STRAWBERRY 110.4G *1,27,0,7.38,101,67,0
2025-05-28,70010001,Micro USB,0,0,2.96,107,67,0
2025-05-28,1120001501,BOOKS(IMP)CONE FIGURES- 1PC,0,0,8.09,173,61,0
2025-05-28,1110029901,AJI-SHIO PEPPER (45GM),0,0,8.17,109,50,0
2025-05-28,2031800401,CHIPSMORE HAZELNUT HANDY MP 8x24G,0,0,5.38,443,161,0
2025-05-28,2010040901,ADVENTIST 3 SEEDS SPROUTED BREAD*1,0,0,2.65,649,231,0
2025-05-29,2010048801,MASSIMO FINE WHOLEMEAL BREAD 400G,67,0,4.75,1495,812,0
2025-05-29,1090092001,KACANG PARANG CILI,0,0,7.86,55,50,0
2025-05-29,1120003601,WYCCO171SSASSO/COOKIE CUTTER- 1SET,0,0,2.53,253,161,0
2025-05-29,2040011101,TWISTIES CHICKEN 60G,0,0,1.73,84,75,0
2025-05-29,2030437001,MINI OREO BIG POUCH CHOCO. 61.3G,0,0,5.81,104,50,0
2025-05-29,2030052801,TIGER BISKUAT ENERGY 144.4G,0,0,2.61,217,81,0
2025-05-29,2010039101,MASSIMO CORN CREAM ROLL 50GM*1,20,0,7.49,370,133,0
2025-05-29,2040012701,CHACHO'S CHEESY CHEESE 160G,0,0,3.45,110,50,0
2025-05-29,2040230601,CHEEZELS BBQ CHEESE 60G *1,0,0,2.72,96,58,0
2025-05-29,2010006001,GARDENIA TWIGGIES CREAM DREAM 2x40G *1,20,0,5.46,414,238,0
2025-05-29,2010038801,MASSIMO SANDWICH WHEAT GERM 400GM*1,0,0,6.89,78,50,0
2025-05-29,2041816301,TWISTIES BBQ CURRY 13G (24PKT),0,0,2.67,69,50,0
2025-05-29,2040012101,CHEEZELS 60G *1,0,0,3.32,62,52,0
2025-05-29,2010040101,GARDENIA FINEGRAIN W/MEAL 400GM*1,0,0,3.6,54,50,0
2025-05-29,2041880901,JACOB'S BAKED CRISP ORIGINAL 229G,15,0,6.74,86,50,0
2025-05-29,2040272701,TWISTIES CHIPSTER HOT & SPICY 60G,0,0,3.93,131,52,0
2025-05-29,2010036201,GARDENIA DELICIA CHOCO RAISIN 360G*1,0,0,2.52,116,58,0
2025-05-29,2031974101,OREO SPACEBURST CREAM L/E 9x27.6G,27,0,7.81,829,434,0
2025-05-29,2010040501,KELLOGG'S S'MORES 14.7 OZ*1,0,0,4.44,54,50,0
2025-05-29,2010039001,MASSIMO CHOCO CREAM ROLL 50GM*1,0,0,6.61,529,322,0
2025-05-29,2030361801,TIGER BISKUAT ORIGINAL JUMBO 364.8GM,0,0,3.17,93,56,0
2025-05-29,1090128501,FRUIT NETRON 14 (PCS),0,0,2.28,153,56,0
2025-05-29,2031923801,JACOB'S WEETAMEAL 502G,0,0,4.07,94,50,0
2025-05-29,2010047701,MISSION TORTILLA 6 GRAINS WRAPS 360G,0,0,4.37,71,58,0
2025-05-29,2010038701,MASSIMO WHITE SANDWICH LOAF 600GM*1,0,0,5.78,134,50,0
2025-05-29,2010037801,GARDENIA WAFFLES EGG VANILLA 42GM*1,0,0,8.35,377,175,0
2025-05-29,2010040701,KELLOGG'S POP TART CHOCO FUDGE 13.5OZ,0,0,9.52,56,50,0
2025-05-29,2010038901,MASSIMO SANDWICH WHEAT GERM 600GM*1,0,0,6.78,227,79,0
2025-05-29,2030361901,TIGER BISKUAT CHOCOLATE JUMBO 364.8GM,0,0,2.99,99,50,0
2025-05-29,2031659501,MINI OREO ORI. MULTIPACK 8X17.5G,20,0,2.75,73,58,0
2025-05-29,1080462101,MAMAMI ORGANIC WAVE OVERNIGHT OAT 120G,0,0,5.11,105,50,0
2025-05-29,1090128701,FRUIT NETRON 14 (CTN),0,0,8.63,52,50,0
2025-05-29,2010035001,APOLLO LAYER CAKE VANILLA M/P 8X18G*1,32,0,5.53,193,70,0
2025-05-29,2010039801,MISSION TORTILLA POTATO WRAPS 360GM*1,33,0,3.35,131,52,0
2025-05-29,2031926001,CHIPSMORE DOUBLE CHOC MP 8x36G,34,0,2.91,331,158,0
2025-05-29,20250901001,GARDENIA DELICIA CHOCO RAISIN 360G*1,0,0,8.18,90,50,0
2025-05-29,2031743501,JACOB'S VP WEETAMEAL 289G,0,0,2.04,109,52,0
2025-05-29,2031743801,JACOB'S MULTIPACK WEETAMEAL 144G,0,0,7.65,133,70,0
2025-05-29,2040012001,TWISTIES BBQ CURRY 140G *1,0,0,4.59,58,50,0
2025-05-29,2010039901,MASSIMO WHOLEMEAL 400GM*1,0,0,4.87,80,50,0
2025-05-29,2010040201,GARDENIA 100% W/GRAIN PURPLE WHEAT 400GM,0,0,8.9,68,50,0
2025-05-29,80010002,PANADOL 10s,0,0,4.65,83,50,0
2025-05-29,2010000401,GARDENIA CREAM ROLL-VANILA 50G *1,0,0,4.37,394,147,0
2025-05-29,1120000301,CN214-CB-PVC6SCAV(SQ)BROWN CASE-10PCS,30,0,7.84,80,50,0
2025-05-29,2030211001,KRAFT OREO STRAWBERRY 110.4G *1,0,0,7.38,74,67,0
2025-05-29,70010001,Micro USB,31,0,2.96,107,67,0
2025-05-29,1120001501,BOOKS(IMP)CONE FIGURES- 1PC,0,0,8.09,173,61,0
2025-05-29,1110029901,AJI-SHIO PEPPER (45GM),0,0,8.17,109,50,0
2025-05-29,2031800401,CHIPSMORE HAZELNUT HANDY MP 8x24G,29,0,5.38,443,161,0
2025-05-29,2010040901,ADVENTIST 3 SEEDS SPROUTED BREAD*1,0,0,2.65,649,231,0
2025-05-30,2010048801,MASSIMO FINE WHOLEMEAL BREAD 400G,82,0,4.75,1428,812,0
2025-05-30,1090092001,KACANG PARANG CILI,0,0,7.86,55,50,0
2025-05-30,1120003601,WYCCO171SSASSO/COOKIE CUTTER- 1SET,29,0,2.53,253,161,0
2025-05-30,2040011101,TWISTIES CHICKEN 60G,0,0,1.73,84,75,0
2025-05-30,2030437001,MINI OREO BIG POUCH CHOCO. 61.3G,0,0,5.81,104,50,0
2025-05-30,2030052801,TIGER BISKUAT ENERGY 144.4G,0,0,2.61,217,81,0
2025-05-30,2010039101,MASSIMO CORN CREAM ROLL 50GM*1,0,0,7.49,350,133,0
2025-05-30,2040012701,CHACHO'S CHEESY CHEESE 160G,0,0,3.45,110,50,0
2025-05-30,2040230601,CHEEZELS BBQ CHEESE 60G *1,27,0,2.72,96,58,0
2025-05-30,2010006001,GARDENIA TWIGGIES CREAM DREAM 2x40G *1,19,0,5.46,394,238,0
2025-05-30,2010038801,MASSIMO SANDWICH WHEAT GERM 400GM*1,0,0,6.89,78,50,0
2025-05-30,2041816301,TWISTIES BBQ CURRY 13G (24PKT),0,0,2.67,69,50,0
2025-05-30,2040012101,CHEEZELS 60G *1,0,0,3.32,62,52,0
2025-05-30,2010040101,GARDENIA FINEGRAIN W/MEAL 400GM*1,0,0,3.6,54,50,0
2025-05-30,2041880901,JACOB'S BAKED CRISP ORIGINAL 229G,0,0,6.74,71,50,0
2025-05-30,2040272701,TWISTIES CHIPSTER HOT & SPICY 60G,14,0,3.93,131,52,0
2025-05-30,2010036201,GARDENIA DELICIA CHOCO RAISIN 360G*1,0,0,2.52,116,58,0
2025-05-30,2031974101,OREO SPACEBURST CREAM L/E 9x27.6G,29,0,7.81,802,434,0
2025-05-30,2010040501,KELLOGG'S S'MORES 14.7 OZ*1,0,0,4.44,54,50,0
2025-05-30,2010039001,MASSIMO CHOCO CREAM ROLL 50GM*1,0,0,6.61,529,322,0
2025-05-30,2030361801,TIGER BISKUAT ORIGINAL JUMBO 364.8GM,22,0,3.17,93,56,0
2025-05-30,1090128501,FRUIT NETRON 14 (PCS),0,0,2.28,153,56,0
2025-05-30,2031923801,JACOB'S WEETAMEAL 502G,0,0,4.07,94,50,0
2025-05-30,2010047701,MISSION TORTILLA 6 GRAINS WRAPS 360G,24,0,4.37,71,58,0
2025-05-30,2010038701,MASSIMO WHITE SANDWICH LOAF 600GM*1,0,0,5.78,134,50,0
2025-05-30,2010037801,GARDENIA WAFFLES EGG VANILLA 42GM*1,25,0,8.35,377,175,0
2025-05-30,2010040701,KELLOGG'S POP TART CHOCO FUDGE 13.5OZ,0,0,9.52,56,50,0
2025-05-30,2010038901,MASSIMO SANDWICH WHEAT GERM 600GM*1,0,0,6.78,227,79,0
2025-05-30,2030361901,TIGER BISKUAT CHOCOLATE JUMBO 364.8GM,0,0,2.99,99,50,0
2025-05-30,2031659501,MINI OREO ORI. MULTIPACK 8X17.5G,0,0,2.75,170,58,0
2025-05-30,1080462101,MAMAMI ORGANIC WAVE OVERNIGHT OAT 120G,0,0,5.11,105,50,0
2025-05-30,1090128701,FRUIT NETRON 14 (CTN),21,0,8.63,52,50,0
2025-05-30,2010035001,APOLLO LAYER CAKE VANILLA M/P 8X18G*1,0,0,5.53,161,70,0
2025-05-30,2010039801,MISSION TORTILLA POTATO WRAPS 360GM*1,0,0,3.35,98,52,0
2025-05-30,2031926001,CHIPSMORE DOUBLE CHOC MP 8x36G,0,0,2.91,297,158,0
2025-05-30,20250901001,GARDENIA DELICIA CHOCO RAISIN 360G*1,0,0,8.18,90,50,0
2025-05-30,2031743501,JACOB'S VP WEETAMEAL 289G,0,0,2.04,109,52,0
2025-05-30,2031743801,JACOB'S MULTIPACK WEETAMEAL 144G,0,0,7.65,133,70,0
2025-05-30,2040012001,TWISTIES BBQ CURRY 140G *1,0,0,4.59,58,50,0
2025-05-30,2010039901,MASSIMO WHOLEMEAL 400GM*1,0,0,4.87,80,50,0
2025-05-30,2010040201,GARDENIA 100% W/GRAIN PURPLE WHEAT 400GM,0,0,8.9,68,50,0
2025-05-30,80010002,PANADOL 10s,0,0,4.65,83,50,0
2025-05-30,2010000401,GARDENIA CREAM ROLL-VANILA 50G *1,0,0,4.37,394,147,0
2025-05-30,1120000301,CN214-CB-PVC6SCAV(SQ)BROWN CASE-10PCS,0,0,7.84,50,50,0
2025-05-30,2030211001,KRAFT OREO STRAWBERRY 110.4G *1,0,0,7.38,74,67,0
2025-05-30,70010001,Micro USB,0,0,2.96,76,67,0
2025-05-30,1120001501,BOOKS(IMP)CONE FIGURES- 1PC,0,0,8.09,173,61,0
2025-05-30,1110029901,AJI-SHIO PEPPER (45GM),0,0,8.17,109,50,0
2025-05-30,2031800401,CHIPSMORE HAZELNUT HANDY MP 8x24G,0,0,5.38,414,161,0
2025-05-30,2010040901,ADVENTIST 3 SEEDS SPROUTED BREAD*1,0,0,2.65,649,231,0
2025-05-31,2010048801,MASSIMO FINE WHOLEMEAL BREAD 400G,46,0,4.75,1346,812,0
2025-05-31,1090092001,KACANG PARANG CILI,0,0,7.86,55,50,0
2025-05-31,1120003601,WYCCO171SSASSO/COOKIE CUTTER- 1SET,0,0,2.53,224,161,0
2025-05-31,2040011101,TWISTIES CHICKEN 60G,25,0,1.73,84,75,0
2025-05-31,2030437001,MINI OREO BIG POUCH CHOCO. 61.3G,0,0,5.81,104,50,0
2025-05-31,2030052801,TIGER BISKUAT ENERGY 144.4G,0,0,2.61,217,81,0
2025-05-31,2010039101,MASSIMO CORN CREAM ROLL 50GM*1,21,0,7.49,350,133,0
2025-05-31,2040012701,CHACHO'S CHEESY CHEESE 160G,13,0,3.45,110,50,0
2025-05-31,2040230601,CHEEZELS BBQ CHEESE 60G *1,0,0,2.72,69,58,0
2025-05-31,2010006001,GARDENIA TWIGGIES CREAM DREAM 2x40G *1,16,0,5.46,375,238,0
2025-05-31,2010038801,MASSIMO SANDWICH WHEAT GERM 400GM*1,0,0,6.89,78,50,0
2025-05-31,2041816301,TWISTIES BBQ CURRY 13G (24PKT),0,0,2.67,69,50,0
2025-05-31,2040012101,CHEEZELS 60G *1,0,0,3.32,62,52,0
2025-05-31,2010040101,GARDENIA FINEGRAIN W/MEAL 400GM*1,16,0,3.6,54,50,0
2025-05-31,2041880901,JACOB'S BAKED CRISP ORIGINAL 229G,0,0,6.74,71,50,0
2025-05-31,2040272701,TWISTIES CHIPSTER HOT & SPICY 60G,0,0,3.93,117,52,0
2025-05-31,2010036201,GARDENIA DELICIA CHOCO RAISIN 360G*1,0,0,2.52,116,58,0
2025-05-31,2031974101,OREO SPACEBURST CREAM L/E 9x27.6G,27,0,7.81,773,434,0
2025-05-31,2010040501,KELLOGG'S S'MORES 14.7 OZ*1,0,0,4.44,54,50,0
2025-05-31,2010039001,MASSIMO CHOCO CREAM ROLL 50GM*1,26,0,6.61,529,322,0
2025-05-31,2030361801,TIGER BISKUAT ORIGINAL JUMBO 364.8GM,0,0,3.17,71,56,0
2025-05-31,1090128501,FRUIT NETRON 14 (PCS),0,0,2.28,153,56,0
2025-05-31,2031923801,JACOB'S WEETAMEAL 502G,0,0,4.07,94,50,0
2025-05-31,2010047701,MISSION TORTILLA 6 GRAINS WRAPS 360G,0,0,4.37,164,58,0
2025-05-31,2010038701,MASSIMO WHITE SANDWICH LOAF 600GM*1,0,0,5.78,134,50,0
2025-05-31,2010037801,GARDENIA WAFFLES EGG VANILLA 42GM*1,0,0,8.35,352,175,0
2025-05-31,2010040701,KELLOGG'S POP TART CHOCO FUDGE 13.5OZ,0,0,9.52,56,50,0
2025-05-31,2010038901,MASSIMO SANDWICH WHEAT GERM 600GM*1,0,0,6.78,227,79,0
2025-05-31,2030361901,TIGER BISKUAT CHOCOLATE JUMBO 364.8GM,0,0,2.99,99,50,0
2025-05-31,2031659501,MINI OREO ORI. MULTIPACK 8X17.5G,0,0,2.75,170,58,0
2025-05-31,1080462101,MAMAMI ORGANIC WAVE OVERNIGHT OAT 120G,0,0,5.11,105,50,0
2025-05-31,1090128701,FRUIT NETRON 14 (CTN),0,0,8.63,103,50,0
2025-05-31,2010035001,APOLLO LAYER CAKE VANILLA M/P 8X18G*1,0,0,5.53,161,70,0
2025-05-31,2010039801,MISSION TORTILLA POTATO WRAPS 360GM*1,0,0,3.35,98,52,0
2025-05-31,2031926001,CHIPSMORE DOUBLE CHOC MP 8x36G,28,0,2.91,297,158,0
2025-05-31,20250901001,GARDENIA DELICIA CHOCO RAISIN 360G*1,0,0,8.18,90,50,0
2025-05-31,2031743501,JACOB'S VP WEETAMEAL 289G,0,0,2.04,109,52,0
2025-05-31,2031743801,JACOB'S MULTIPACK WEETAMEAL 144G,0,0,7.65,133,70,0
2025-05-31,2040012001,TWISTIES BBQ CURRY 140G *1,0,0,4.59,58,50,0
2025-05-31,2010039901,MASSIMO WHOLEMEAL 400GM*1,0,0,4.87,80,50,0
2025-05-31,2010040201,GARDENIA 100% W/GRAIN PURPLE WHEAT 400GM,0,0,8.9,68,50,0
2025-05-31,80010002,PANADOL 10s,0,0,4.65,83,50,0
2025-05-31,2010000401,GARDENIA CREAM ROLL-VANILA 50G *1,24,0,4.37,394,147,0
2025-05-31,1120000301,CN214-CB-PVC6SCAV(SQ)BROWN CASE-10PCS,0,0,7.84,50,50,0
2025-05-31,2030211001,KRAFT OREO STRAWBERRY 110.4G *1,0,0,7.38,74,67,0
2025-05-31,70010001,Micro USB,0,0,2.96,76,67,0
2025-05-31,1120001501,BOOKS(IMP)CONE FIGURES- 1PC,18,0,8.09,173,61,0
2025-05-31,1110029901,AJI-SHIO PEPPER (45GM),0,0,8.17,109,50,0
2025-05-31,2031800401,CHIPSMORE HAZELNUT HANDY MP 8x24G,20,0,5.38,414,161,0
2025-05-31,2010040901,ADVENTIST 3 SEEDS SPROUTED BREAD*1,38,0,2.65,649,231,0
